,Cloud_Fraction,AOD,Location,Date,PM25
1,0.0,0.9180000436026604,US Diplomatic Post: New Delhi,2017-01-01,156.61249999999995
2,0.0,0.9180000436026604,Mandir,2017-01-01,168.2340425531915
4,0.0,0.38900001847650856,Punjabi Bagh,2017-01-02,174.05405405405406
7,0.0,0.38900001847650856,Mandir,2017-01-02,174.97916666666663
12,0.0,0.7050000334857032,US Diplomatic Post: New Delhi,2017-01-05,166.12083333333334
15,0.0,0.7050000334857032,Mandir,2017-01-05,155.8125
16,0.10800000512972474,0.893000042415224,Mandir,2017-01-06,151.33333333333334
18,0.13966667330047736,0.8903333756218975,Punjabi Bagh,2017-01-06,139.5
19,0.02133333434661229,0.8180000388529152,Sirifort,2017-01-06,159.98478260869567
20,0.085666670735615,1.020666715145732,ITO,2017-01-06,152.96875
21,0.085666670735615,1.090000051772222,US Diplomatic Post: New Delhi,2017-01-06,145.83333333333334
22,0.0880000041797757,0.5135000243899412,ITO,2017-01-08,141.20833333333334
23,0.0880000041797757,0.5135000243899412,Sirifort,2017-01-08,132.83260869565217
24,0.004500000213738531,0.517500024579931,US Diplomatic Post: New Delhi,2017-01-08,132.67083333333332
26,0.004500000213738531,0.517500024579931,Mandir,2017-01-08,131.8125
27,0.004500000213738531,0.517500024579931,Punjabi Bagh,2017-01-08,145.21875
28,0.3300000156741589,0.3000000142492354,Punjabi Bagh,2017-01-09,146.375
29,0.2245000106631778,0.5685000270023011,ITO,2017-01-09,120.77083333333331
30,0.19700000935699788,0.6065000288072042,Sirifort,2017-01-09,148.92666666666662
32,0.19200000911951062,0.6000000284984708,Mandir,2017-01-09,104.46428571428572
33,0.19200000911951062,0.6000000284984708,US Diplomatic Post: New Delhi,2017-01-09,138.70833333333334
34,0.21700001030694693,0.3880000184290111,Mandir,2017-01-10,113.16129032258064
35,0.23100001097191125,0.4030000191414729,Sirifort,2017-01-10,135.4644444444445
36,0.23100001097191125,0.4030000191414729,US Diplomatic Post: New Delhi,2017-01-10,112.53333333333336
37,0.23100001097191125,0.4030000191414729,ITO,2017-01-10,100.97894736842105
38,0.27950001327553764,0.4835000229650177,Punjabi Bagh,2017-01-10,118.18604651162792
39,0.23100001097191125,0.4030000191414729,R K Puram,2017-01-10,130.08823529411765
42,0.2065000098082237,0.452000021468848,Sirifort,2017-01-11,168.16956521739132
43,0.2065000098082237,0.452000021468848,Mandir,2017-01-11,154.4090909090909
44,0.2065000098082237,0.452000021468848,ITO,2017-01-11,157.14285714285714
45,0.2065000098082237,0.452000021468848,US Diplomatic Post: New Delhi,2017-01-11,171.65833333333333
62,0.07350000349106267,0.5150000244611874,ITO,2017-01-14,178.54347826086956
66,0.04800000227987766,0.7056667001840348,ITO,2017-01-15,173.67708333333337
69,0.04800000227987766,0.7056667001840348,US Diplomatic Post: New Delhi,2017-01-15,174.19166666666663
70,0.14200000674463809,0.22100001049693674,US Diplomatic Post: New Delhi,2017-01-17,150.75416666666666
72,0.14200000674463809,0.22100001049693674,Mandir,2017-01-17,124.35416666666669
73,0.14200000674463809,0.22100001049693674,Punjabi Bagh,2017-01-17,143.8723404255319
75,0.14200000674463809,0.22100001049693674,ITO,2017-01-17,115.38947368421051
77,0.0995000047259964,0.7565000359318219,Punjabi Bagh,2017-01-18,172.08333333333337
78,0.10600000503472984,0.8085000384016894,ITO,2017-01-18,118.46875
80,0.0935000044410117,0.8075000383541919,Mandir,2017-01-18,137.9787234042553
81,0.0935000044410117,0.8075000383541919,US Diplomatic Post: New Delhi,2017-01-18,167.10833333333332
84,0.15300000726711005,0.3510000166716054,ITO,2017-01-19,104.52083333333331
85,0.07550000358605757,0.39700001885648817,R K Puram,2017-01-19,149.55
86,0.09300000441726297,0.3470000164816156,Punjabi Bagh,2017-01-19,123.78260869565216
87,0.15300000726711005,0.3510000166716054,Mandir,2017-01-19,106.04166666666669
90,0.30300001439172775,0.3355000159353949,ITO,2017-01-20,111.10416666666669
91,0.237000011256896,0.2980000141542405,Punjabi Bagh,2017-01-20,116.82352941176471
92,0.30300001439172775,0.3355000159353949,Mandir,2017-01-20,96.03125
95,0.06700000318232924,1.2530000595143065,US Diplomatic Post: New Delhi,2017-01-22,61.04583333333337
103,0.027000001282431185,0.7140000339131802,US Diplomatic Post: New Delhi,2017-01-23,25.47499999999999
107,0.05533333596152564,0.727333367879813,R K Puram,2017-01-24,173.83333333333337
112,0.0,0.6800000322982669,Mandir,2017-01-26,95.14285714285714
113,0.0,0.6800000322982669,US Diplomatic Post: New Delhi,2017-01-26,94.75416666666666
114,0.0,0.6800000322982669,Punjabi Bagh,2017-01-26,100.95454545454544
115,0.0,0.6800000322982669,R K Puram,2017-01-26,124.70731707317071
116,0.0,0.6800000322982669,Sirifort,2017-01-26,91.325
117,0.0,0.6800000322982669,ITO,2017-01-26,80.37209302325581
118,0.4970000236062333,0.6300000299233943,R K Puram,2017-01-28,107.5
119,0.4690000222763047,0.6340000301133841,ITO,2017-01-28,74.15294117647059
120,0.1850000087870285,0.7270000345306471,Sirifort,2017-01-28,99.66666666666669
121,0.4690000222763047,0.6340000301133841,Mandir,2017-01-28,92.11111111111113
123,0.025000001187436286,0.3115000147954561,Sirifort,2017-01-30,160.1860465116279
124,0.025000001187436286,0.3115000147954561,R K Puram,2017-01-30,63.6
125,0.028500001353677362,0.4635000220150687,US Diplomatic Post: New Delhi,2017-01-30,149.64583333333334
126,0.04850000230362639,0.477500022680033,ITO,2017-01-30,163.36470588235295
127,0.07500000356230885,0.3180000151041895,Mandir,2017-01-30,153.1818181818182
129,0.18525000879890285,0.5107500242593233,Sirifort,2017-01-31,146.21951219512198
130,0.19450000923825428,0.48525002304813825,Punjabi Bagh,2017-01-31,154.57777777777778
131,0.19450000923825428,0.48525002304813825,Mandir,2017-01-31,111.1304347826087
132,0.18525000879890285,0.5107500242593233,R K Puram,2017-01-31,135.72727272727272
133,0.19450000923825428,0.48525002304813825,US Diplomatic Post: New Delhi,2017-01-31,134.99999999999997
134,0.19450000923825428,0.48525002304813825,ITO,2017-01-31,140.76744186046508
135,0.2320000110194087,0.31100001477170736,Sirifort,2017-02-01,142.0
136,0.1500000071246177,0.4920000233687461,ITO,2017-02-01,146.8488372093023
137,0.1500000071246177,0.4920000233687461,Mandir,2017-02-01,125.78260869565216
139,0.10700000508222728,0.3980000189039856,Punjabi Bagh,2017-02-01,163.51162790697677
146,0.028500001353677362,0.6185000293771736,Mandir,2017-02-03,157.9787234042553
147,0.0,0.12000000569969416,Punjabi Bagh,2017-02-05,179.32608695652175
148,0.0,0.1150000054622069,US Diplomatic Post: New Delhi,2017-02-05,151.5583333333333
149,0.0,0.1150000054622069,Sirifort,2017-02-05,176.0681818181818
151,0.0,0.1150000054622069,Mandir,2017-02-05,153.53191489361703
152,0.0,0.1150000054622069,R K Puram,2017-02-05,179.1923076923077
154,0.2300000109244138,0.4800000227987766,Mandir,2017-02-06,110.88372093023256
155,0.3100000147242099,0.8030000381404534,US Diplomatic Post: New Delhi,2017-02-06,75.40416666666667
156,0.2300000109244138,0.4800000227987766,Punjabi Bagh,2017-02-06,119.91666666666669
157,0.3170000150566921,0.6160000292584301,R K Puram,2017-02-06,122.83333333333331
158,0.3170000150566921,0.6160000292584301,Sirifort,2017-02-06,138.26315789473685
159,0.5350000254111364,0.3260000154841691,Mandir,2017-02-07,74.22222222222223
160,0.6000000284984708,0.4070000193314627,ITO,2017-02-07,96.87777777777778
162,0.46100002189632505,0.2725000129430555,Sirifort,2017-02-07,91.59523809523809
163,0.30700001458171755,0.35400001681409776,Punjabi Bagh,2017-02-07,90.4375
164,0.46100002189632505,0.2725000129430555,R K Puram,2017-02-07,100.08333333333331
165,0.0720000034198165,0.44350002106511965,Mandir,2017-02-08,99.55813953488372
166,0.022500001068692658,0.4150000197114423,Punjabi Bagh,2017-02-08,124.82978723404257
168,0.10700000508222729,0.3495000166003592,Sirifort,2017-02-08,114.65217391304348
169,0.10700000508222729,0.3495000166003592,R K Puram,2017-02-08,146.36363636363637
170,0.1810000085970387,0.42750002030516043,ITO,2017-02-08,138.16483516483515
171,0.031000001472420994,0.4545000215875916,Sirifort,2017-02-09,130.88372093023256
172,0.08050000382354483,0.41800001985393465,US Diplomatic Post: New Delhi,2017-02-09,25.729166666666657
173,0.08050000382354483,0.41800001985393465,Mandir,2017-02-09,98.24137931034485
174,0.031000001472420994,0.4545000215875916,R K Puram,2017-02-09,103.6153846153846
175,0.06200000294484198,0.4250000201864168,ITO,2017-02-09,134.4835164835165
176,0.08950000425102189,0.41200001956894994,Punjabi Bagh,2017-02-09,130.84782608695653
177,0.14700000698212534,0.401000019046478,R K Puram,2017-02-10,59.846153846153854
178,0.07000000332482159,0.4130000196164474,US Diplomatic Post: New Delhi,2017-02-10,56.670833333333356
179,0.06400000303983687,0.3640000172890723,ITO,2017-02-10,111.7303370786517
180,0.07000000332482159,0.4130000196164474,Mandir,2017-02-10,61.43333333333333
181,0.06400000303983687,0.3640000172890723,Sirifort,2017-02-10,136.4390243902439
182,0.04200000199489296,0.3020000143442303,Punjabi Bagh,2017-02-10,114.51162790697674
183,0.38500001828651875,0.5330000253161415,R K Puram,2017-02-11,125.0
184,0.4175000198301859,0.5445000258623622,Mandir,2017-02-11,110.82608695652172
186,0.38500001828651875,0.5330000253161415,Sirifort,2017-02-11,140.1951219512195
187,0.4175000198301859,0.5445000258623622,US Diplomatic Post: New Delhi,2017-02-11,68.20416666666665
188,0.4175000198301859,0.5445000258623622,ITO,2017-02-11,145.2873563218391
192,0.19800000940449533,0.6010000285459682,ITO,2017-02-12,153.82978723404256
193,0.19800000940449533,0.6010000285459682,Sirifort,2017-02-12,161.57142857142858
194,0.19800000940449533,0.6010000285459682,US Diplomatic Post: New Delhi,2017-02-12,124.2875
195,0.0720000034198165,0.5590000265510753,Sirifort,2017-02-13,166.4102564102564
196,0.08700000413227826,0.534000025363639,Mandir,2017-02-13,101.5
197,0.062000002944841974,0.5210000247461721,Punjabi Bagh,2017-02-13,117.0
198,0.14200000674463809,0.4170000198064372,R K Puram,2017-02-13,120.5
200,0.0720000034198165,0.5590000265510753,ITO,2017-02-13,150.01176470588234
202,0.0370000017574057,0.6560000311583281,Sirifort,2017-02-14,179.63888888888889
203,0.05200000246986747,0.5010000237962231,Punjabi Bagh,2017-02-14,149.9736842105263
204,0.0370000017574057,0.6560000311583281,R K Puram,2017-02-14,116.8181818181818
205,0.05200000246986747,0.5010000237962231,Mandir,2017-02-14,117.88888888888887
206,0.05200000246986747,0.5010000237962231,US Diplomatic Post: New Delhi,2017-02-14,86.58749999999998
207,0.016000000759959217,0.49200002336874604,Punjabi Bagh,2017-02-15,136.29545454545453
208,0.029500001401174814,0.5670000269310549,R K Puram,2017-02-15,137.8695652173913
210,0.01700000080745667,0.5095000241999514,Mandir,2017-02-15,112.84782608695652
212,0.0370000017574057,0.5890000279759988,US Diplomatic Post: New Delhi,2017-02-15,69.09999999999998
213,0.007000000332482159,0.791000037570484,Punjabi Bagh,2017-02-16,122.72727272727272
215,0.007000000332482159,0.791000037570484,US Diplomatic Post: New Delhi,2017-02-16,102.83749999999998
216,0.3020000143442303,0.7930000376654789,R K Puram,2017-02-16,123.42857142857143
218,0.007000000332482159,0.791000037570484,Mandir,2017-02-16,96.85106382978724
219,0.13500000641215593,0.9180000436026604,Sirifort,2017-02-17,125.26666666666668
220,0.35400001681409776,0.6000000284984708,Punjabi Bagh,2017-02-17,102.51724137931036
221,0.13500000641215593,0.9180000436026604,US Diplomatic Post: New Delhi,2017-02-17,99.17916666666666
222,0.30500001448672265,0.6790000322507694,R K Puram,2017-02-17,112.71428571428572
223,0.7040000334382057,0.8200000389479101,Mandir,2017-02-17,97.5625
226,0.7790000370005146,0.8470000402303413,US Diplomatic Post: New Delhi,2017-02-18,105.58333333333331
227,0.032000001519918435,0.3520000167191029,Mandir,2017-02-19,103.18604651162792
229,0.032000001519918435,0.3520000167191029,US Diplomatic Post: New Delhi,2017-02-19,96.65416666666668
231,0.06700000318232924,0.3780000179540366,NSIT Dwarka,2017-02-19,85.30000000000011
232,0.17700000840704888,0.4590000218013302,Sirifort,2017-02-19,108.07692307692308
234,0.05900000280234963,0.31300001486670226,Punjabi Bagh,2017-02-19,141.8139534883721
235,0.3020000143442303,0.5735000272397883,NSIT Dwarka,2017-02-20,93.84509803921571
236,0.24800001177936795,0.6125000290921889,Shadipur,2017-02-20,174.56833333333336
237,0.11550000548595563,0.5615000266698189,ITO,2017-02-20,80.90384615384616
238,0.24150001147063452,0.5985000284272246,Punjabi Bagh,2017-02-20,137.8
239,0.24800001177936795,0.6125000290921889,Mandir,2017-02-20,147.6
241,0.11550000548595563,0.5615000266698189,US Diplomatic Post: New Delhi,2017-02-20,94.38333333333334
242,0.13400000636465847,0.4815000228700228,Sirifort,2017-02-20,91.57142857142857
243,0.12300000584218652,0.9320000442676247,Mandir,2017-02-21,70.08333333333333
244,0.3220000152941793,0.7335000348393804,R K Puram,2017-02-21,133.29411764705878
246,0.26033334569850314,0.8270000392803922,NSIT Dwarka,2017-02-21,98.58452380952377
247,0.31850001512793824,0.7305000346968881,Punjabi Bagh,2017-02-21,87.84848484848484
248,0.12300000584218652,0.9320000442676247,ITO,2017-02-21,83.74418604651162
249,0.12550000596093014,0.92600004398264,Sirifort,2017-02-21,86.5238095238095
250,0.31850001512793824,0.7305000346968881,Shadipur,2017-02-21,126.95089887640448
251,0.029000001377426088,0.39700001885648817,Punjabi Bagh,2017-02-22,98.7906976744186
252,0.15700000745709985,0.34000001614913344,Sirifort,2017-02-22,77.925
253,0.4190000199014321,0.2030000096419826,NSIT Dwarka,2017-02-22,100.68928571428572
254,0.029000001377426088,0.39700001885648817,Mandir,2017-02-22,75.5813953488372
255,0.029000001377426088,0.39700001885648817,Shadipur,2017-02-22,154.6858333333333
256,0.08200000389479101,0.4280000203289092,ITO,2017-02-22,101.74698795180723
257,0.15700000745709985,0.34000001614913344,R K Puram,2017-02-22,80.84615384615384
259,0.03866666850323478,0.2360000112093985,Sirifort,2017-02-23,163.0
261,0.03866666850323478,0.2360000112093985,R K Puram,2017-02-23,117.6
262,0.043000002042390406,0.22900001087691635,ITO,2017-02-23,66.84615384615384
263,0.04700000223238021,0.24266667819271484,Shadipur,2017-02-23,104.88119402985077
264,0.03866666850323478,0.23500001116190106,NSIT Dwarka,2017-02-23,97.97976190476194
265,0.04700000223238021,0.24266667819271484,Punjabi Bagh,2017-02-23,116.55555555555556
266,0.04700000223238021,0.24266667819271484,Mandir,2017-02-23,87.77777777777777
267,0.08700000413227826,0.24200001149438322,ITO,2017-02-24,61.426829268292686
269,0.12950000615091994,0.2200000104494393,NSIT Dwarka,2017-02-24,88.41234567901233
271,0.08100000384729356,0.19150000909576192,Shadipur,2017-02-24,99.29534883720936
274,0.08700000413227826,0.24200001149438322,US Diplomatic Post: New Delhi,2017-02-24,46.46666666666666
275,0.0705000033485703,0.37750001793028787,Shadipur,2017-02-25,102.83471910112362
276,0.06300000299233942,0.35800001700408757,ITO,2017-02-25,78.57954545454545
279,0.06300000299233942,0.35800001700408757,NSIT Dwarka,2017-02-25,95.73999999999997
281,0.0705000033485703,0.37750001793028787,US Diplomatic Post: New Delhi,2017-02-25,27.265217391304326
283,0.15500000736210495,0.36700001743156463,ITO,2017-02-26,89.78888888888889
285,0.15500000736210495,0.36700001743156463,Shadipur,2017-02-26,100.88397727272728
286,0.15500000736210495,0.36700001743156463,US Diplomatic Post: New Delhi,2017-02-26,82.63333333333333
289,0.029000001377426088,0.25800001225434244,NSIT Dwarka,2017-02-26,93.7418604651163
292,0.1035000049159862,0.2690000127768144,Punjabi Bagh,2017-02-27,73.0909090909091
293,0.12550000596093014,0.2765000131330453,NSIT Dwarka,2017-02-27,120.66266666666662
295,0.0975000046310015,0.2965000140829943,ITO,2017-02-27,93.21917808219177
296,0.08500000403728336,0.2980000141542405,Mandir,2017-02-27,58.23809523809525
297,0.08500000403728336,0.2980000141542405,R K Puram,2017-02-27,105.93333333333334
299,0.0,0.15300000726711005,Mandir,2017-02-28,105.15
300,0.0,0.15300000726711005,R K Puram,2017-02-28,97.0
302,0.20000000949949026,0.43950002087512985,Punjabi Bagh,2017-02-28,157.5
304,0.18850000895326957,0.39300001866649836,NSIT Dwarka,2017-02-28,138.26666666666668
305,0.0,0.15300000726711005,ITO,2017-02-28,143.35616438356163
306,0.0,0.15300000726711005,Sirifort,2017-02-28,174.05263157894737
307,0.045000002137385316,0.452000021468848,Punjabi Bagh,2017-03-01,53.33333333333334
308,0.04200000199489296,0.39700001885648817,NSIT Dwarka,2017-03-01,99.18372093023257
310,0.09200000436976552,0.5620000266935676,Mandir,2017-03-01,96.10526315789473
311,0.09200000436976552,0.5620000266935676,R K Puram,2017-03-01,81.5
312,0.09700000460725278,0.4200000199489296,Shadipur,2017-03-01,155.8923529411766
313,0.09200000436976552,0.5620000266935676,ITO,2017-03-01,110.06666666666666
314,0.5400000256486237,0.6720000319182873,Sirifort,2017-03-01,100.88888888888887
315,0.007000000332482159,0.10400000493973494,ITO,2017-03-02,112.09411764705881
316,0.007000000332482159,0.10400000493973494,R K Puram,2017-03-02,81.28571428571429
317,0.004000000189989804,0.11800000560469925,Punjabi Bagh,2017-03-02,90.13157894736842
318,0.007000000332482159,0.10400000493973494,Sirifort,2017-03-02,96.45454545454544
319,0.004000000189989804,0.11800000560469925,US Diplomatic Post: New Delhi,2017-03-02,82.60833333333333
320,0.004000000189989804,0.11800000560469925,Shadipur,2017-03-02,136.47097826086954
321,0.007000000332482159,0.10400000493973494,NSIT Dwarka,2017-03-02,101.48876404494378
322,0.004000000189989804,0.11800000560469925,Mandir,2017-03-02,72.02777777777777
323,0.0,0.6800000322982669,R K Puram,2017-03-03,81.61904761904762
325,0.0,0.6800000322982669,ITO,2017-03-03,65.80434782608695
326,0.0,0.6150000292109326,Punjabi Bagh,2017-03-03,71.23913043478261
327,0.0,0.5280000250786543,NSIT Dwarka,2017-03-03,85.6241379310345
328,0.0,0.6800000322982669,Sirifort,2017-03-03,61.68888888888889
329,0.0,0.6800000322982669,Mandir,2017-03-03,57.59090909090909
330,0.0,0.6150000292109326,Shadipur,2017-03-03,92.24843373493981
331,0.08733333748144408,0.2213333438461026,Shadipur,2017-03-04,83.85448275862072
332,0.08733333748144408,0.2213333438461026,Punjabi Bagh,2017-03-04,84.65217391304348
333,0.056666669358188905,0.22233334389360002,Sirifort,2017-03-04,88.12765957446808
334,0.08733333748144408,0.21900001040194186,Mandir,2017-03-04,67.5
335,0.056666669358188905,0.22866667752775052,R K Puram,2017-03-04,89.9
336,0.08733333748144408,0.21900001040194184,ITO,2017-03-04,80.28260869565217
337,0.0623333362940078,0.24066667809771994,NSIT Dwarka,2017-03-04,84.13857142857141
338,0.08733333748144408,0.21900001040194184,US Diplomatic Post: New Delhi,2017-03-04,70.1875
339,0.03600000170990825,0.1480000070296228,Shadipur,2017-03-05,90.28359550561798
340,0.27600001310929656,0.18350000871578231,Sirifort,2017-03-05,88.97872340425532
341,0.08700000413227826,0.13300000631716102,NSIT Dwarka,2017-03-05,78.425
342,0.03600000170990825,0.1480000070296228,Punjabi Bagh,2017-03-05,99.04166666666669
343,0.26450001256307587,0.2185000103781931,ITO,2017-03-05,95.25531914893615
345,0.17100000812206417,0.18600000883452594,R K Puram,2017-03-05,92.71428571428572
346,0.07350000349106267,0.21100001002196223,Mandir,2017-03-05,82.22222222222223
347,0.14000000664964318,0.3520000167191029,R K Puram,2017-03-06,79.89473684210526
348,0.15900000755209476,0.35600001690909266,Mandir,2017-03-06,80.66666666666667
349,0.14000000664964318,0.3520000167191029,Sirifort,2017-03-06,90.625
350,0.15900000755209476,0.35600001690909266,Shadipur,2017-03-06,110.3277011494253
351,0.14000000664964318,0.3520000167191029,NSIT Dwarka,2017-03-06,84.91529411764705
352,0.15900000755209476,0.35600001690909266,Punjabi Bagh,2017-03-06,97.14893617021276
353,0.4220000200439245,0.33200001576915383,ITO,2017-03-06,88.0989010989011
354,0.4220000200439245,0.33200001576915383,US Diplomatic Post: New Delhi,2017-03-06,74.96666666666668
355,0.43200002051889896,1.4130000671138987,US Diplomatic Post: New Delhi,2017-03-07,82.68333333333334
356,0.43200002051889896,1.4130000671138987,R K Puram,2017-03-07,126.05263157894736
357,0.3770000179065392,0.8750000415602699,Mandir,2017-03-07,84.0
358,0.3770000179065392,0.8750000415602699,Shadipur,2017-03-07,171.4568604651163
359,0.43200002051889896,1.4130000671138987,Sirifort,2017-03-07,99.21739130434784
360,0.43200002051889896,1.4130000671138987,ITO,2017-03-07,103.70114942528735
361,0.8240000391378999,0.5970000283559784,US Diplomatic Post: New Delhi,2017-03-08,34.76
362,0.8240000391378999,0.5970000283559784,ITO,2017-03-08,56.43478260869565
364,0.8240000391378999,0.5970000283559784,Sirifort,2017-03-08,54.06818181818182
365,0.8240000391378999,0.5970000283559784,R K Puram,2017-03-08,56.1
366,0.2626666791426639,0.7703333699222034,Shadipur,2017-03-09,60.787333333333294
367,0.10450000496348365,1.0070000478299335,R K Puram,2017-03-09,67.8
368,0.10450000496348365,1.0070000478299335,Sirifort,2017-03-09,50.39024390243903
369,0.2626666791426639,0.7703333699222034,Mandir,2017-03-09,50.82142857142857
370,0.12366667254051815,0.7530000357655808,Punjabi Bagh,2017-03-09,73.63157894736842
371,0.2626666791426639,0.7703333699222034,US Diplomatic Post: New Delhi,2017-03-09,45.18333333333334
372,0.43400002061389387,0.6140000291634351,NSIT Dwarka,2017-03-09,175.78266666666664
373,0.2626666791426639,0.7703333699222034,ITO,2017-03-09,60.24175824175824
374,0.6420000304933637,0.6370000302558765,Punjabi Bagh,2017-03-10,35.2
375,0.6630000314908102,0.31650001503294334,US Diplomatic Post: New Delhi,2017-03-11,31.15652173913044
377,0.6630000314908102,0.31650001503294334,Mandir,2017-03-11,45.6
378,0.7285000346018933,0.3195000151754357,Sirifort,2017-03-11,49.39024390243903
379,0.6630000314908102,0.31650001503294334,Shadipur,2017-03-11,50.24505882352943
380,0.6630000314908102,0.31650001503294334,ITO,2017-03-11,57.735632183908045
381,0.7285000346018933,0.3195000151754357,R K Puram,2017-03-11,57.903225806451616
382,0.6630000314908102,0.31650001503294334,Punjabi Bagh,2017-03-11,45.16666666666666
383,0.2980000141542405,0.3820000181440264,Sirifort,2017-03-12,63.27272727272727
384,0.2615000124205835,0.3415000162203796,Shadipur,2017-03-12,55.5565217391304
385,0.18950000900076702,0.3760000178590417,US Diplomatic Post: New Delhi,2017-03-12,37.9625
386,0.29950001422548667,0.3630000172415748,Mandir,2017-03-12,53.63636363636363
387,0.39300001866649836,0.3215000152704306,Punjabi Bagh,2017-03-12,43.78571428571429
389,0.29950001422548667,0.3045000144629739,R K Puram,2017-03-12,70.4375
390,0.18800000892952085,0.39500001876149327,ITO,2017-03-12,59.17777777777778
391,0.10950000520097092,0.39700001885648817,Mandir,2017-03-13,55.088888888888896
393,0.10950000520097092,0.39700001885648817,US Diplomatic Post: New Delhi,2017-03-13,55.50000000000002
394,0.10950000520097092,0.39700001885648817,ITO,2017-03-13,65.81521739130434
395,0.08600000408478081,0.3610000171465799,Sirifort,2017-03-13,48.611111111111114
396,0.13600000645965338,0.33650001598289236,Punjabi Bagh,2017-03-13,56.61904761904761
397,0.13600000645965338,0.33650001598289236,Shadipur,2017-03-13,73.16202127659575
398,0.07100000337231904,0.3560000169090927,R K Puram,2017-03-13,70.2
399,0.06350000301608816,0.370000017574057,Sirifort,2017-03-15,100.06382978723404
401,0.03950000187614933,0.3895000185002573,ITO,2017-03-15,96.39361702127658
402,0.04050000192364678,0.40800001937896013,Shadipur,2017-03-15,132.32224719101123
403,0.04050000192364678,0.40800001937896013,Punjabi Bagh,2017-03-15,160.7
404,0.06450000306358561,0.38850001845275983,R K Puram,2017-03-15,102.73684210526315
405,0.03950000187614933,0.3895000185002573,US Diplomatic Post: New Delhi,2017-03-15,101.2625
406,0.03950000187614933,0.3895000185002573,Mandir,2017-03-15,84.83333333333333
408,0.0740000035148114,0.5813333609451851,Punjabi Bagh,2017-03-16,148.6086956521739
410,0.0740000035148114,0.5813333609451851,Mandir,2017-03-16,92.45652173913044
411,0.03233333486908426,0.5366666921569655,R K Puram,2017-03-16,104.67567567567568
412,0.03233333486908426,0.5366666921569655,ITO,2017-03-16,110.75280898876404
413,0.03233333486908426,0.5366666921569655,Sirifort,2017-03-16,106.95238095238096
414,0.0740000035148114,0.5813333609451851,Shadipur,2017-03-16,146.2629885057471
415,0.26400001253932714,0.6100000289734453,R K Puram,2017-03-17,87.1
416,0.07700000365730375,0.5240000248886645,US Diplomatic Post: New Delhi,2017-03-17,79.08333333333333
417,0.07700000365730375,0.5240000248886645,ITO,2017-03-17,82.81318681318682
418,0.07700000365730375,0.5240000248886645,Mandir,2017-03-17,82.36170212765956
419,0.1520000072196126,0.5280000250786543,Punjabi Bagh,2017-03-17,92.22916666666669
420,0.26400001253932714,0.6100000289734453,Sirifort,2017-03-17,105.07692307692308
421,0.07700000365730375,0.5240000248886645,Shadipur,2017-03-17,138.89303797468358
423,0.6970000331057236,0.6300000299233943,Sirifort,2017-03-18,96.725
425,0.07700000365730375,0.7310000347206369,R K Puram,2017-03-19,101.6
426,0.004000000189989804,1.1250000534346327,US Diplomatic Post: New Delhi,2017-03-19,79.91666666666667
427,0.004000000189989804,1.1250000534346327,Shadipur,2017-03-19,133.5717045454545
428,0.0,0.7890000374754891,Punjabi Bagh,2017-03-19,108.47727272727272
429,0.0,1.164000055287033,Sirifort,2017-03-19,89.22857142857143
430,0.004000000189989804,1.1250000534346327,ITO,2017-03-19,99.21176470588236
431,0.004000000189989804,1.1250000534346327,Mandir,2017-03-19,80.41304347826087
432,0.0,0.5596666932494069,Punjabi Bagh,2017-03-20,107.0
433,0.0,0.5330000253161415,Mandir,2017-03-20,91.77777777777777
434,0.0006666666983316341,0.5480000260286033,Sirifort,2017-03-20,136.92857142857142
435,0.0006666666983316341,0.5746666939618686,R K Puram,2017-03-20,116.36363636363636
436,0.0,0.5596666932494069,Shadipur,2017-03-20,136.23701149425295
437,0.0,0.5460000259336084,ITO,2017-03-20,114.53488372093024
439,0.0,0.5330000253161415,US Diplomatic Post: New Delhi,2017-03-20,112.5
440,0.06450000306358561,0.46700002218130976,ITO,2017-03-21,123.48809523809523
441,0.08950000425102189,0.4735000224900432,Shadipur,2017-03-21,158.4337209302325
442,0.053500002541113645,0.4850000230362639,Punjabi Bagh,2017-03-21,124.61111111111113
443,0.1620000076945871,0.42350002011517063,Sirifort,2017-03-21,88.475
444,0.08200000389479101,0.5010000237962231,Mandir,2017-03-21,92.15789473684212
447,0.08200000389479101,0.5010000237962231,R K Puram,2017-03-21,120.76666666666668
448,0.09700000460725278,0.4490000213263557,US Diplomatic Post: New Delhi,2017-03-22,91.0
449,0.09700000460725278,0.4490000213263557,Mandir,2017-03-22,79.625
450,0.08700000413227826,0.42400002013891935,Punjabi Bagh,2017-03-22,133.46153846153842
451,0.09700000460725278,0.4490000213263557,Shadipur,2017-03-22,161.5762962962963
452,0.07000000332482159,0.4440000210888684,R K Puram,2017-03-22,115.7
453,0.09700000460725278,0.4490000213263557,ITO,2017-03-22,86.29166666666669
454,0.07000000332482159,0.4440000210888684,Sirifort,2017-03-22,98.65957446808511
455,0.13200000626966354,0.38900001847650856,NSIT Dwarka,2017-03-22,107.2
456,0.002000000094994902,0.4640000220388174,Mandir,2017-03-23,109.5625
457,0.032000001519918435,0.5860000278335065,NSIT Dwarka,2017-03-23,125.97931034482764
458,0.022000001044943932,0.6260000297334045,Sirifort,2017-03-23,117.4318181818182
461,0.002000000094994902,0.4640000220388174,US Diplomatic Post: New Delhi,2017-03-23,109.04166666666669
462,0.002000000094994902,0.4640000220388174,Punjabi Bagh,2017-03-23,158.79166666666666
463,0.0370000017574057,0.5070000240812078,ITO,2017-03-23,124.61176470588236
464,0.17000000807456672,0.5910000280709937,ITO,2017-03-24,91.0481927710843
465,0.17000000807456672,0.5910000280709937,Shadipur,2017-03-24,123.82539325842696
467,0.2800000132992864,0.4760000226087868,Punjabi Bagh,2017-03-24,89.66666666666669
469,0.17000000807456672,0.5910000280709937,US Diplomatic Post: New Delhi,2017-03-24,72.79166666666667
470,0.17000000807456672,0.5910000280709937,Sirifort,2017-03-24,84.24390243902441
471,0.17000000807456672,0.5910000280709937,Mandir,2017-03-24,69.23913043478261
472,0.22900001087691635,0.27000001282431185,ITO,2017-03-25,69.57608695652173
474,0.22900001087691635,0.27000001282431185,US Diplomatic Post: New Delhi,2017-03-25,68.33333333333333
475,0.4225000200676732,0.2975000141304917,Sirifort,2017-03-25,73.51351351351352
477,0.23233334436857453,0.2890000137267634,Punjabi Bagh,2017-03-25,84.78571428571429
478,0.22900001087691635,0.2713333462209751,Shadipur,2017-03-25,88.84483870967743
479,0.22900001087691635,0.27000001282431185,Mandir,2017-03-25,64.21951219512195
480,0.4550000216113403,0.2530000120168552,US Diplomatic Post: New Delhi,2017-03-26,64.41666666666667
482,0.4550000216113403,0.2530000120168552,Shadipur,2017-03-26,103.41431034482751
483,0.4550000216113403,0.2530000120168552,Punjabi Bagh,2017-03-26,74.90476190476191
484,0.4550000216113403,0.2530000120168552,Mandir,2017-03-26,68.57777777777778
485,0.3770000179065392,0.226000010734424,Sirifort,2017-03-26,73.2051282051282
486,0.3140000149141997,0.3780000179540366,ITO,2017-03-26,77.57291666666667
489,0.08333333729145427,0.3143333482633655,Shadipur,2017-03-27,110.984
490,0.08333333729145427,0.30900001467671245,ITO,2017-03-27,77.7837837837838
491,0.08333333729145427,0.2900000137742609,Sirifort,2017-03-27,89.175
493,0.08333333729145427,0.29866668085257214,Punjabi Bagh,2017-03-27,85.86666666666666
495,0.08333333729145427,0.30900001467671245,Mandir,2017-03-27,63.516129032258064
497,0.08200000389479101,0.5180000246036798,Punjabi Bagh,2017-03-28,145.5
498,0.07750000368105248,0.27400001301430166,US Diplomatic Post: New Delhi,2017-03-28,134.79166666666666
499,0.07750000368105248,0.27400001301430166,ITO,2017-03-28,115.6413043478261
502,0.08700000413227826,0.4510000214213506,Shadipur,2017-03-28,160.28920454545454
503,0.3300000156741589,0.461000021896325,Sirifort,2017-03-28,120.875
504,0.05750000273110346,0.6425000305171125,Mandir,2017-03-29,51.24324324324325
505,0.045000002137385316,0.6675000317045487,Punjabi Bagh,2017-03-29,71.53846153846153
506,0.05750000273110346,0.6425000305171125,ITO,2017-03-29,65.41052631578947
509,0.05750000273110345,0.6495000308495946,Sirifort,2017-03-29,75.97560975609754
510,0.05750000273110346,0.6425000305171125,US Diplomatic Post: New Delhi,2017-03-29,65.66666666666667
511,0.06250000296859072,0.6380000303033739,Shadipur,2017-03-29,113.90382716049378
513,0.14200000674463809,0.3260000154841691,Sirifort,2017-03-30,66.17777777777778
514,0.0720000034198165,0.4060000192839652,US Diplomatic Post: New Delhi,2017-03-30,55.41666666666666
515,0.09200000436976552,0.34400001633912325,ITO,2017-03-30,64.88372093023256
516,0.032000001519918435,0.3650000173365697,Punjabi Bagh,2017-03-30,108.9090909090909
517,0.032000001519918435,0.3650000173365697,Shadipur,2017-03-30,92.09139784946233
518,0.0720000034198165,0.4060000192839652,Mandir,2017-03-30,64.02857142857142
520,0.0,0.3230000153416768,Shadipur,2017-03-31,149.5551041666666
521,0.0,0.3230000153416768,Sirifort,2017-03-31,100.0
522,0.0,0.3230000153416768,US Diplomatic Post: New Delhi,2017-03-31,84.625
525,0.0,0.3230000153416768,Mandir,2017-03-31,82.64444444444446
526,0.0,0.3230000153416768,ITO,2017-03-31,77.6206896551724
527,0.0,0.3230000153416768,Punjabi Bagh,2017-03-31,116.06896551724138
528,0.24300001154188067,0.40133335239564377,Mandir,2017-04-01,87.8048780487805
529,0.24300001154188067,0.40133335239564377,US Diplomatic Post: New Delhi,2017-04-01,84.95833333333333
530,0.24300001154188067,0.4040000191889703,Shadipur,2017-04-01,114.65388888888893
531,0.3246666820875059,0.42233335339309025,Sirifort,2017-04-01,94.69444444444444
532,0.22333334394109747,0.4226666867422561,ITO,2017-04-01,69.74444444444444
535,0.24300001154188067,0.4040000191889703,Punjabi Bagh,2017-04-01,129.0
536,0.34050001617288217,0.277000013156794,ITO,2017-04-02,61.85106382978724
537,0.31850001512793824,0.2610000123968348,Mandir,2017-04-02,68.97560975609754
539,0.34050001617288217,0.277000013156794,US Diplomatic Post: New Delhi,2017-04-02,63.33333333333334
542,0.31850001512793824,0.2610000123968348,Shadipur,2017-04-02,93.31755319148937
543,0.4420000209938735,0.2025000096182339,Sirifort,2017-04-02,68.45945945945945
545,0.2450000116368756,0.34950001660035923,Punjabi Bagh,2017-04-03,55.38888888888889
546,0.0,0.4540000215638429,Mandir,2017-04-03,61.56818181818182
547,0.0,0.4540000215638429,Shadipur,2017-04-03,112.65645161290323
548,0.0,0.27400001301430166,Sirifort,2017-04-03,75.24137931034483
551,0.0,0.4800000227987766,ITO,2017-04-03,63.25
552,0.0,0.545000025886111,Shadipur,2017-04-05,70.09835164835162
554,0.2810000133467838,0.5255000249599107,Mandir,2017-04-05,30.90909090909091
555,0.2810000133467838,0.5385000255773775,Sirifort,2017-04-05,38.642857142857146
556,0.0,0.545000025886111,Punjabi Bagh,2017-04-05,46.40909090909091
558,0.2810000133467838,0.5465000259573571,ITO,2017-04-05,37.578947368421055
559,0.2810000133467838,0.5255000249599107,US Diplomatic Post: New Delhi,2017-04-05,27.79166666666667
561,0.21600001025944948,0.7965000378317199,Mandir,2017-04-06,89.95744680851065
562,0.28350001346552745,0.7345000348868778,Sirifort,2017-04-06,121.65714285714287
563,0.2725000129430555,0.7735000367392785,ITO,2017-04-06,75.78888888888889
564,0.14900000707712024,0.858500040776562,Punjabi Bagh,2017-04-06,123.51063829787235
567,0.21600001025944948,0.7965000378317199,US Diplomatic Post: New Delhi,2017-04-06,107.875
568,0.0,1.3950000662589446,Sirifort,2017-04-07,131.32558139534885
570,0.0,1.4240000676363709,ITO,2017-04-07,107.02127659574468
571,0.0,0.9300000441726296,Shadipur,2017-04-07,173.10989583333324
572,0.0,1.4240000676363709,Mandir,2017-04-07,102.95744680851065
574,0.0,0.9300000441726296,Punjabi Bagh,2017-04-07,144.2340425531915
575,0.0,1.4240000676363709,US Diplomatic Post: New Delhi,2017-04-07,120.45833333333331
577,0.017000000807456672,0.5020000238437206,Sirifort,2017-04-08,106.1904761904762
578,0.012000000569969416,0.585000027786009,Shadipur,2017-04-08,109.71158536585371
579,0.012000000569969416,0.585000027786009,Punjabi Bagh,2017-04-08,116.97674418604653
581,0.012000000569969416,0.585000027786009,ITO,2017-04-08,92.4842105263158
583,0.012000000569969416,0.585000027786009,Mandir,2017-04-08,95.51282051282051
584,0.2045000097132288,0.2900000137742609,Sirifort,2017-04-09,47.76315789473684
586,0.25250001199310645,0.2535000120406039,Punjabi Bagh,2017-04-09,53.9375
587,0.25250001199310645,0.2535000120406039,Shadipur,2017-04-09,75.7098947368422
588,0.18600000883452594,0.3175000150804408,Mandir,2017-04-09,39.833333333333336
589,0.15050000714836642,0.339000016101636,ITO,2017-04-09,38.13483146067416
591,0.18600000883452594,0.3175000150804408,US Diplomatic Post: New Delhi,2017-04-09,27.25
592,0.04433333543905368,0.26166667909516644,Mandir,2017-04-10,55.16666666666666
593,0.04433333543905368,0.22866667752775052,NSIT Dwarka,2017-04-10,99.1
594,0.04433333543905368,0.26166667909516644,ITO,2017-04-10,50.50769230769231
596,0.034666668313244976,0.2063333431336408,Punjabi Bagh,2017-04-10,80.92857142857143
597,0.04433333543905368,0.26166667909516644,US Diplomatic Post: New Delhi,2017-04-10,47.375
598,0.034666668313244976,0.2393333447010567,Shadipur,2017-04-10,93.23697916666664
599,0.043000002042390406,0.26766667938015115,Sirifort,2017-04-10,145.75
600,0.1520000072196126,0.5550000263610855,Punjabi Bagh,2017-04-11,66.2
601,0.2300000109244138,0.4350000206613913,Shadipur,2017-04-11,106.17106382978727
602,0.4120000195689499,0.3570000169565901,Sirifort,2017-04-11,145.23809523809524
603,0.3220000152941793,0.47200002241879707,NSIT Dwarka,2017-04-11,82.36363636363635
605,0.4550000216113403,0.3570000169565901,R K Puram,2017-04-11,81.0
606,0.2240000106394291,0.4760000226087868,Mandir,2017-04-11,40.73684210526316
607,0.2240000106394291,0.4760000226087868,ITO,2017-04-11,53.055555555555564
608,0.0,0.3453333497357865,Shadipur,2017-04-12,121.29933333333332
609,0.0,0.3446666830374549,Sirifort,2017-04-12,82.0
610,0.0,0.3240000153891742,ITO,2017-04-12,108.14285714285714
612,0.0,0.3453333497357865,Punjabi Bagh,2017-04-12,101.66666666666669
613,0.0,0.3240000153891742,Mandir,2017-04-12,68.46153846153847
614,0.0,0.3446666830374549,R K Puram,2017-04-12,88.0
615,0.0,0.34566668308495235,NSIT Dwarka,2017-04-12,93.74074074074072
616,0.05400000256486237,0.5590000265510753,Mandir,2017-04-13,98.41935483870968
617,0.13700000650715086,0.4540000215638429,R K Puram,2017-04-13,161.44444444444446
618,0.05400000256486237,0.5590000265510753,US Diplomatic Post: New Delhi,2017-04-13,103.20833333333331
620,0.07900000375229865,0.7210000342456624,Sirifort,2017-04-13,102.5
621,0.017000000807456672,0.5640000267885625,Punjabi Bagh,2017-04-13,142.90322580645162
622,0.07900000375229865,0.7210000342456624,ITO,2017-04-13,122.66666666666669
623,0.07750000368105248,0.339000016101636,NSIT Dwarka,2017-04-13,122.84305555555551
626,0.0,0.8615000409190543,US Diplomatic Post: New Delhi,2017-04-14,134.33333333333334
627,0.0,0.8160000387579203,NSIT Dwarka,2017-04-14,124.92173913043482
628,0.0,0.8615000409190543,Mandir,2017-04-14,145.17391304347825
630,0.0,0.7685000365017913,Sirifort,2017-04-14,141.63888888888889
631,0.0,0.8615000409190543,Punjabi Bagh,2017-04-14,152.04166666666666
632,0.004000000189989804,0.5160000245086849,Punjabi Bagh,2017-04-15,118.41666666666669
633,0.07500000356230885,0.4310000204714015,NSIT Dwarka,2017-04-15,133.6106382978724
634,0.07500000356230885,0.4310000204714015,R K Puram,2017-04-15,165.46666666666667
635,0.002000000094994902,0.5330000253161415,Mandir,2017-04-15,80.31914893617021
637,0.0,0.7630000362405553,Sirifort,2017-04-15,98.37777777777778
638,0.0,0.7630000362405553,ITO,2017-04-15,94.30208333333331
639,0.0,0.7630000362405553,US Diplomatic Post: New Delhi,2017-04-15,97.54166666666669
640,0.0,0.3720000176690519,Mandir,2017-04-16,126.20833333333331
643,0.0,0.5510000261710958,ITO,2017-04-16,144.66666666666666
644,0.0,0.395500018785242,NSIT Dwarka,2017-04-16,114.27499999999992
645,0.0,0.5510000261710958,Sirifort,2017-04-16,162.96153846153842
646,0.0,0.5510000261710958,R K Puram,2017-04-16,176.35714285714286
649,0.007333333681647978,0.39733335220565397,Punjabi Bagh,2017-04-17,125.16666666666669
650,0.007333333681647978,0.43600002070888877,Sirifort,2017-04-17,120.67741935483869
651,0.01033333382414033,0.45133335477051634,R K Puram,2017-04-17,166.16666666666666
653,0.007333333681647978,0.44933335467552143,NSIT Dwarka,2017-04-17,125.25638297872341
654,0.01033333382414033,0.45133335477051634,ITO,2017-04-17,119.34736842105265
655,0.01033333382414033,0.45133335477051634,Mandir,2017-04-17,111.64705882352942
656,0.012000000569969416,0.5170000245561823,ITO,2017-04-18,120.49438202247192
657,0.01900000090245157,0.7780000369530171,Sirifort,2017-04-18,130.58139534883722
658,0.04200000199489296,0.5560000264085829,Punjabi Bagh,2017-04-18,136.40425531914894
659,0.012000000569969416,0.5170000245561823,Mandir,2017-04-18,103.72727272727272
660,0.04200000199489296,0.5560000264085829,NSIT Dwarka,2017-04-18,148.5271739130435
662,0.01900000090245157,0.7780000369530171,R K Puram,2017-04-18,158.33333333333334
664,0.0,0.5000000237487257,Mandir,2017-04-19,72.53191489361703
665,0.0,0.4460000211838633,Sirifort,2017-04-19,84.02325581395348
666,0.0,0.4460000211838633,R K Puram,2017-04-19,133.76923076923077
668,0.0,0.4040000191889703,Punjabi Bagh,2017-04-19,103.70454545454544
669,0.0,0.5000000237487257,NSIT Dwarka,2017-04-19,124.65476190476187
670,0.0,0.5000000237487257,Shadipur,2017-04-19,145.83000000000013
671,0.0,0.5000000237487257,ITO,2017-04-19,75.01075268817205
672,0.15900000755209476,0.3620000171940774,R K Puram,2017-04-20,124.875
673,0.15900000755209476,0.3620000171940774,Sirifort,2017-04-20,96.72093023255816
674,0.08950000425102189,0.3095000147004612,Shadipur,2017-04-20,59.87563829787237
676,0.12550000596093014,0.2960000140592456,Mandir,2017-04-20,82.35714285714286
677,0.16300000774208456,0.2905000137980096,US Diplomatic Post: New Delhi,2017-04-20,86.25
678,0.3055000145104714,0.508500024152454,NSIT Dwarka,2017-04-20,126.6240963855422
679,0.16300000774208456,0.2905000137980096,ITO,2017-04-20,80.09433962264151
681,0.0,0.5730000272160396,US Diplomatic Post: New Delhi,2017-04-21,96.33333333333331
683,0.0,0.5990000284509733,Sirifort,2017-04-21,107.3720930232558
684,0.0,0.5945000282372348,Shadipur,2017-04-21,56.4779120879121
685,0.0,0.5755000273347832,NSIT Dwarka,2017-04-21,166.38202247191006
686,0.0,0.5730000272160396,ITO,2017-04-21,113.98863636363636
690,0.0,0.7020000333432108,NSIT Dwarka,2017-04-22,178.60113636363644
691,0.0,1.378000065451488,US Diplomatic Post: New Delhi,2017-04-22,98.83333333333331
693,0.0,1.378000065451488,ITO,2017-04-22,55.022471910112365
694,0.0,0.9000000427477062,Sirifort,2017-04-22,119.79545454545456
695,0.33600001595914364,0.6610000313958152,Shadipur,2017-04-22,54.92829787234046
696,0.01900000090245157,0.4750000225612894,US Diplomatic Post: New Delhi,2017-04-23,84.33333333333333
698,0.0,0.6320000300183892,Shadipur,2017-04-23,42.41510416666665
701,0.0,0.6100000289734453,NSIT Dwarka,2017-04-23,122.3253012048192
702,0.0,0.6100000289734453,Sirifort,2017-04-23,72.27272727272727
705,0.0,0.7430000352906063,Sirifort,2017-04-24,57.88372093023256
706,0.012000000569969416,0.4750000225612894,Shadipur,2017-04-24,25.769583333333347
707,0.0,0.7430000352906063,ITO,2017-04-24,37.22826086956522
709,0.029000001377426088,0.8930000424152241,NSIT Dwarka,2017-04-24,108.53666666666666
712,0.11600000550970435,0.7395000351243652,R K Puram,2017-04-25,89.54166666666669
713,0.15250000724336135,0.6970000331057236,ITO,2017-04-25,46.26966292134831
714,0.15250000724336135,0.6970000331057236,US Diplomatic Post: New Delhi,2017-04-25,57.58333333333334
715,0.11600000550970435,0.7395000351243652,Sirifort,2017-04-25,68.8611111111111
717,0.18450000876327977,0.8700000413227826,NSIT Dwarka,2017-04-25,105.19999999999996
718,0.15250000724336135,0.6970000331057236,Shadipur,2017-04-25,38.09187499999997
719,0.15250000724336135,0.6970000331057236,Mandir,2017-04-25,72.5
720,0.0035000001662410796,0.6515000309445895,Sirifort,2017-04-26,46.28571428571429
721,0.0035000001662410796,0.6515000309445895,Mandir,2017-04-26,45.65
723,0.0,0.5895000279997475,Shadipur,2017-04-26,60.080439560439565
724,0.0035000001662410796,0.6515000309445895,US Diplomatic Post: New Delhi,2017-04-26,35.75
725,0.0035000001662410796,0.6515000309445895,ITO,2017-04-26,43.16304347826087
726,0.0035000001662410796,0.6515000309445895,NSIT Dwarka,2017-04-26,91.45411764705878
727,0.0035000001662410796,0.6515000309445895,R K Puram,2017-04-26,63.65116279069768
728,0.1850000087870285,0.8890000422252342,NSIT Dwarka,2017-04-27,92.2046875
729,0.09000000427477063,0.8410000399453565,ITO,2017-04-27,73.36619718309859
730,0.09000000427477063,0.8410000399453565,Mandir,2017-04-27,67.04878048780488
731,0.16500000783707947,0.7060000335332006,Sirifort,2017-04-27,57.53125
733,0.0370000017574057,0.6700000318232924,Shadipur,2017-04-27,85.89328571428571
734,0.1150000054622069,0.760000036098063,R K Puram,2017-04-27,84.9375
735,0.09000000427477063,0.8410000399453565,US Diplomatic Post: New Delhi,2017-04-27,56.95833333333334
737,0.29700001410674304,0.31100001477170736,ITO,2017-04-28,54.95454545454545
738,0.29700001410674304,0.31100001477170736,Sirifort,2017-04-28,60.970588235294116
739,0.29700001410674304,0.31100001477170736,Mandir,2017-04-28,78.1111111111111
740,0.29700001410674304,0.31100001477170736,NSIT Dwarka,2017-04-28,94.56515151515151
741,0.29700001410674304,0.31100001477170736,Shadipur,2017-04-28,82.06757575757577
744,0.4220000200439245,1.3040000619366765,R K Puram,2017-04-29,113.0
745,0.4220000200439245,1.3040000619366765,Shadipur,2017-04-29,138.4184375000001
746,0.6290000298758969,1.6390000778483227,NSIT Dwarka,2017-04-29,121.66162790697678
748,0.37700001790653914,1.1745000557857566,ITO,2017-04-30,54.56521739130435
749,0.37700001790653914,1.1600000550970435,R K Puram,2017-04-30,85.20689655172414
750,0.37700001790653914,1.1600000550970435,NSIT Dwarka,2017-04-30,93.12696629213478
751,0.0,0.7670000364305452,Shadipur,2017-04-30,85.14591397849458
753,0.37700001790653914,1.150000054622069,Mandir,2017-04-30,60.53125
754,0.3375000160303898,1.093500051938463,Sirifort,2017-04-30,52.0
756,0.01900000090245157,0.34200001624412835,NSIT Dwarka,2017-05-01,128.17411764705872
757,0.1190000056521967,0.3410000161966309,ITO,2017-05-01,69.13978494623656
758,0.1190000056521967,0.3410000161966309,Mandir,2017-05-01,66.25
760,0.1190000056521967,0.3410000161966309,Shadipur,2017-05-01,112.06400000000002
761,0.13500000641215593,0.3720000176690519,R K Puram,2017-05-01,68.93333333333334
762,0.13500000641215593,0.3720000176690519,Sirifort,2017-05-01,52.842105263157904
763,0.001000000047497451,0.46900002227630466,Shadipur,2017-05-02,148.7241489361702
764,0.001000000047497451,0.46900002227630466,US Diplomatic Post: New Delhi,2017-05-02,99.91666666666669
765,0.001000000047497451,0.4970000236062333,NSIT Dwarka,2017-05-02,136.07727272727269
766,0.0,0.5935000281897373,ITO,2017-05-02,107.96551724137932
767,0.001000000047497451,0.5730000272160396,Sirifort,2017-05-02,130.0731707317073
768,0.001000000047497451,0.5730000272160396,R K Puram,2017-05-02,66.0
769,0.001000000047497451,0.46900002227630466,Mandir,2017-05-02,65.5
771,0.37500001781154424,0.5050000239862129,Sirifort,2017-05-03,101.63513513513512
772,0.37500001781154424,0.5050000239862129,Mandir,2017-05-03,159.5
773,0.37500001781154424,0.5050000239862129,ITO,2017-05-03,85.75268817204302
775,0.37500001781154424,0.5050000239862129,Shadipur,2017-05-03,136.44208791208786
776,0.2883333470284318,0.6353333635100474,NSIT Dwarka,2017-05-03,139.7025
778,0.37500001781154424,0.5050000239862129,US Diplomatic Post: New Delhi,2017-05-03,84.33333333333333
779,0.10700000508222728,0.6720000319182873,US Diplomatic Post: New Delhi,2017-05-04,115.45833333333331
781,0.1970000093569979,0.3200000151991844,Sirifort,2017-05-04,94.32
783,0.10700000508222728,0.6720000319182873,R K Puram,2017-05-04,160.75
784,0.10700000508222728,0.6720000319182873,Mandir,2017-05-04,126.75
785,0.10700000508222728,0.6720000319182873,ITO,2017-05-04,114.63736263736263
786,0.10400000493973494,0.4140000196639448,NSIT Dwarka,2017-05-04,137.84318181818173
787,0.3000000142492354,0.9800000465475024,NSIT Dwarka,2017-05-05,117.4450549450549
789,0.3000000142492354,0.9800000465475024,R K Puram,2017-05-05,149.42424242424244
790,0.3000000142492354,0.9800000465475024,Mandir,2017-05-05,114.88571428571429
791,0.3000000142492354,0.9800000465475024,US Diplomatic Post: New Delhi,2017-05-05,131.625
792,0.3000000142492354,0.9800000465475024,ITO,2017-05-05,138.021978021978
795,0.34250001626787707,0.4040000191889703,ITO,2017-05-06,139.2127659574468
797,0.34250001626787707,0.4030000191414729,Mandir,2017-05-06,139.34615384615384
798,0.2695000128005631,0.4760000226087868,R K Puram,2017-05-06,159.8125
799,0.1850000087870285,0.45500002161134034,NSIT Dwarka,2017-05-06,99.4032608695652
802,0.34250001626787707,0.4040000191889703,US Diplomatic Post: New Delhi,2017-05-06,148.54166666666666
803,0.05300000251736492,0.6613333647449812,NSIT Dwarka,2017-05-07,93.05393258426969
804,0.05300000251736492,0.6613333647449812,US Diplomatic Post: New Delhi,2017-05-07,119.29166666666669
808,0.05300000251736492,0.6613333647449812,ITO,2017-05-07,110.37362637362637
809,0.05300000251736492,0.5846666944368432,R K Puram,2017-05-07,149.2765957446809
812,0.3295000156504102,0.7595000360743143,Mandir,2017-05-08,105.77777777777777
813,0.3295000156504102,0.7595000360743143,US Diplomatic Post: New Delhi,2017-05-08,108.70833333333331
814,0.09850000467849895,0.6510000309208408,ITO,2017-05-08,135.6705882352941
815,0.09850000467849895,0.6510000309208408,Sirifort,2017-05-08,164.25531914893617
816,0.39100001857150346,0.477500022680033,R K Puram,2017-05-08,174.95454545454547
817,0.16650000790832564,0.6685000317520462,NSIT Dwarka,2017-05-08,90.60681818181818
819,0.0,0.5980000284034759,Sirifort,2017-05-09,92.0
820,0.0,0.6740000320132822,Shadipur,2017-05-09,109.86585106382981
821,0.0,0.5740000272635369,ITO,2017-05-09,99.37179487179488
822,0.0,0.6740000320132822,Mandir,2017-05-09,71.8
823,0.0,0.6740000320132822,US Diplomatic Post: New Delhi,2017-05-09,65.04166666666667
824,0.0,0.5980000284034759,R K Puram,2017-05-09,103.30232558139537
825,0.0,0.5980000284034759,NSIT Dwarka,2017-05-09,79.83522727272725
827,0.011000000522471966,0.7975000378792174,R K Puram,2017-05-10,87.21951219512195
828,0.011000000522471966,0.7975000378792174,ITO,2017-05-10,174.39473684210526
829,0.011000000522471966,0.7975000378792174,US Diplomatic Post: New Delhi,2017-05-10,49.91666666666666
830,0.011000000522471966,0.6280000298283994,Shadipur,2017-05-10,80.16774193548386
831,0.011000000522471966,0.7975000378792174,Sirifort,2017-05-10,59.014925373134325
832,0.0035000001662410796,0.6135000291396864,NSIT Dwarka,2017-05-10,58.95274725274725
834,0.011000000522471966,0.6280000298283994,Mandir,2017-05-10,55.68888888888889
835,0.025000001187436286,0.6965000330819748,ITO,2017-05-11,131.28571428571428
836,0.025000001187436286,0.760000036098063,R K Puram,2017-05-11,151.1590909090909
838,0.025000001187436286,0.6965000330819748,US Diplomatic Post: New Delhi,2017-05-11,170.875
839,0.025000001187436286,0.6965000330819748,Mandir,2017-05-11,103.97674418604653
841,0.02100000099744648,0.6490000308258459,NSIT Dwarka,2017-05-11,105.5875
842,0.02100000099744648,0.5420000257436186,Sirifort,2017-05-11,65.33333333333333
843,0.15900000755209476,1.2690000602742657,NSIT Dwarka,2017-05-12,131.2786516853933
844,0.23050001094816253,1.3805000655702315,US Diplomatic Post: New Delhi,2017-05-12,44.45833333333334
846,0.2980000141542405,1.3300000631716102,Sirifort,2017-05-12,134.7
851,0.2420000114943832,0.8640000410377979,ITO,2017-05-13,130.7173913043478
852,0.2420000114943832,0.8640000410377979,US Diplomatic Post: New Delhi,2017-05-13,94.625
853,0.34400001633912325,0.9700000460725278,R K Puram,2017-05-13,144.45238095238096
854,0.15500000736210495,0.6610000313958153,Sirifort,2017-05-13,155.6
856,0.34400001633912325,0.9700000460725278,Mandir,2017-05-13,120.38636363636364
858,0.3350000159116462,0.6650000315858051,NSIT Dwarka,2017-05-13,92.92298850574713
859,0.28000001329928637,0.6405000304221176,ITO,2017-05-14,63.686746987951814
860,0.6210000294959173,0.5995000284747221,R K Puram,2017-05-14,115.23809523809523
861,0.28000001329928637,0.6405000304221176,US Diplomatic Post: New Delhi,2017-05-14,89.25
862,0.6210000294959173,0.5995000284747221,Sirifort,2017-05-14,102.25
864,0.4270000202814117,0.596000028308481,NSIT Dwarka,2017-05-14,86.75652173913043
865,0.28000001329928637,0.6405000304221176,Mandir,2017-05-14,127.2608695652174
868,0.19200000911951065,0.4470000212313607,ITO,2017-05-15,48.08219178082192
869,0.34400001633912325,0.39100001857150346,Sirifort,2017-05-15,79.56
870,0.19200000911951065,0.4470000212313607,Mandir,2017-05-15,74.72727272727273
871,0.12900000612717122,0.277000013156794,Shadipur,2017-05-15,170.45847826086953
872,0.34400001633912325,0.28400001348927617,R K Puram,2017-05-15,93.2
873,0.2070000098319724,0.5040000239387155,NSIT Dwarka,2017-05-15,73.23707865168541
874,0.19200000911951065,0.4470000212313607,US Diplomatic Post: New Delhi,2017-05-15,60.70833333333334
875,0.05200000246986747,0.8075000383541919,US Diplomatic Post: New Delhi,2017-05-16,77.58333333333333
876,0.05200000246986747,0.8075000383541919,Mandir,2017-05-16,69.28571428571429
878,0.05200000246986747,0.8075000383541919,NSIT Dwarka,2017-05-16,98.15666666666674
879,0.05200000246986747,0.8010000380454585,Shadipur,2017-05-16,166.97075268817198
880,0.1285000061034225,0.8385000398266129,R K Puram,2017-05-16,87.03448275862068
881,0.1285000061034225,0.7970000378554687,Sirifort,2017-05-16,100.0
882,0.05200000246986747,0.8075000383541919,ITO,2017-05-16,87.42682926829269
883,0.2070000098319724,0.6160000292584301,Shadipur,2017-05-17,130.0778494623657
885,0.10700000508222728,0.678000032203272,R K Puram,2017-05-17,74.96875
886,0.12700000603217632,0.7720000366680324,ITO,2017-05-17,138.15853658536585
887,0.2070000098319724,0.6160000292584301,Mandir,2017-05-17,66.29032258064517
888,0.10700000508222728,0.678000032203272,NSIT Dwarka,2017-05-17,71.65882352941176
889,0.12700000603217632,0.7720000366680324,US Diplomatic Post: New Delhi,2017-05-17,65.83333333333333
891,0.4390000208513811,0.1830000086920336,Mandir,2017-05-18,83.1111111111111
894,0.4390000208513811,0.1830000086920336,US Diplomatic Post: New Delhi,2017-05-18,75.0
895,0.45300002151634544,0.6485000308020973,R K Puram,2017-05-18,108.57894736842104
896,0.08200000389479101,0.1560000074096024,Shadipur,2017-05-18,131.09505494505487
897,0.6315000299946405,0.6620000314433129,ITO,2017-05-18,91.95833333333331
898,0.08200000389479101,0.1560000074096024,NSIT Dwarka,2017-05-18,63.59890109890108
899,0.20166667624531934,0.47533335591045517,NSIT Dwarka,2017-05-19,87.84444444444449
900,0.2083333432286357,0.44666668788219493,R K Puram,2017-05-19,84.5
903,0.02300000109244138,0.5415000257198699,ITO,2017-05-19,94.20338983050848
904,0.010500000498723237,0.5880000279285014,Mandir,2017-05-19,59.0
905,0.20000000949949026,0.4776666893546159,Shadipur,2017-05-19,101.83554347826085
906,0.010500000498723237,0.5880000279285014,US Diplomatic Post: New Delhi,2017-05-19,38.083333333333336
908,0.0,1.046000049682334,R K Puram,2017-05-21,156.35135135135138
911,0.0,1.0290000488748774,US Diplomatic Post: New Delhi,2017-05-21,96.20833333333331
912,0.0,1.0290000488748774,Mandir,2017-05-21,88.6590909090909
915,0.0390000018524006,0.3040000144392252,Sirifort,2017-05-22,106.78571428571428
916,0.0390000018524006,0.3040000144392252,R K Puram,2017-05-22,158.85365853658536
917,0.1190000056521967,0.3350000159116462,NSIT Dwarka,2017-05-22,144.19886363636368
919,0.0390000018524006,0.3040000144392252,Shadipur,2017-05-22,74.71255319148935
920,0.0390000018524006,0.3040000144392252,Mandir,2017-05-22,92.34210526315788
922,0.0,0.2480000117793679,ITO,2017-05-22,155.97222222222226
923,0.26450001256307587,0.5940000282134861,NSIT Dwarka,2017-05-23,108.04239130434782
924,0.26450001256307587,0.6140000291634351,Sirifort,2017-05-23,78.97826086956522
925,0.26450001256307587,0.5940000282134861,US Diplomatic Post: New Delhi,2017-05-23,71.5
926,0.26450001256307587,0.5940000282134861,ITO,2017-05-23,103.95945945945944
927,0.26450001256307587,0.5940000282134861,Shadipur,2017-05-23,59.643191489361705
929,0.26450001256307587,0.5940000282134861,Mandir,2017-05-23,70.80555555555556
930,0.26450001256307587,0.6140000291634351,R K Puram,2017-05-23,112.5
931,0.2070000098319724,0.6740000320132822,R K Puram,2017-05-24,93.0
932,0.09200000436976552,0.8550000406103209,ITO,2017-05-24,115.10169491525423
933,0.09200000436976552,0.8550000406103209,Shadipur,2017-05-24,74.28916666666667
934,0.09200000436976552,0.8550000406103209,US Diplomatic Post: New Delhi,2017-05-24,63.0
936,0.22950001090066507,0.8005000380217099,NSIT Dwarka,2017-05-24,117.9283333333333
937,0.09200000436976552,0.8550000406103209,Mandir,2017-05-24,63.769230769230774
938,0.10000000474974513,0.5880000279285014,Sirifort,2017-05-24,93.17142857142859
939,0.6070000288309529,1.2960000615566971,Sirifort,2017-05-25,114.67391304347828
940,0.3840000182390213,1.3190000626491385,US Diplomatic Post: New Delhi,2017-05-25,75.29166666666667
941,0.3840000182390213,1.3190000626491385,ITO,2017-05-25,167.74324324324326
942,0.6070000288309529,1.2960000615566971,R K Puram,2017-05-25,116.5
943,0.6070000288309529,1.2960000615566971,NSIT Dwarka,2017-05-25,112.85000000000002
944,0.05900000280234963,0.7530000357655808,US Diplomatic Post: New Delhi,2017-05-26,61.08333333333334
945,0.032000001519918435,0.7220000342931598,ITO,2017-05-26,103.58441558441557
946,0.05900000280234963,0.7530000357655808,Shadipur,2017-05-26,92.89604166666668
947,0.05900000280234963,0.7530000357655808,Punjabi Bagh,2017-05-26,26.0
948,0.05900000280234963,0.7530000357655808,Mandir,2017-05-26,60.8139534883721
949,0.014000000664964318,0.4730000224662945,NSIT Dwarka,2017-05-26,123.87555555555555
950,0.032000001519918435,0.7220000342931598,R K Puram,2017-05-26,98.48571428571428
951,0.032000001519918435,0.7220000342931598,Sirifort,2017-05-26,74.84615384615384
952,0.023500001116190106,0.683500032464508,Shadipur,2017-05-27,76.08125
953,0.028500001353677362,0.6805000323220156,US Diplomatic Post: New Delhi,2017-05-27,43.04166666666666
954,0.028500001353677362,0.6805000323220156,Sirifort,2017-05-27,58.32075471698114
955,0.028500001353677362,0.6805000323220156,ITO,2017-05-27,122.67073170731709
956,0.023500001116190106,0.683500032464508,Punjabi Bagh,2017-05-27,38.75
957,0.028500001353677362,0.6805000323220156,Mandir,2017-05-27,44.74418604651163
958,0.028500001353677362,0.6805000323220156,R K Puram,2017-05-27,86.10256410256409
959,0.03600000170990825,0.7735000367392786,NSIT Dwarka,2017-05-27,106.69375000000002
960,0.0,0.7605000361218117,Sirifort,2017-05-28,38.384615384615394
961,0.0,0.7720000366680324,US Diplomatic Post: New Delhi,2017-05-28,31.33333333333333
962,0.0,0.7720000366680324,Shadipur,2017-05-28,69.6125
963,0.0,0.7720000366680324,ITO,2017-05-28,117.07407407407408
964,0.0,0.7605000361218117,R K Puram,2017-05-28,44.771428571428565
965,0.0,0.8360000397078693,NSIT Dwarka,2017-05-28,77.31250000000001
966,0.0,0.7720000366680324,Mandir,2017-05-28,33.74418604651163
967,0.0,0.743500035314355,Punjabi Bagh,2017-05-28,36.48936170212766
968,0.17200000816956162,0.6430000305408612,Mandir,2017-05-29,49.88095238095239
969,0.13200000626966354,0.6420000304933637,R K Puram,2017-05-29,66.57894736842105
970,0.05400000256486237,0.7760000368580222,NSIT Dwarka,2017-05-29,66.78478260869566
971,0.34200001624412835,0.791000037570484,Punjabi Bagh,2017-05-29,54.55
972,0.13200000626966354,0.5950000282609835,Shadipur,2017-05-29,132.27416666666667
973,0.17200000816956162,0.6430000305408612,ITO,2017-05-29,151.16883116883116
974,0.13200000626966354,0.6420000304933637,Sirifort,2017-05-29,55.4390243902439
976,0.014000000664964318,0.17100000812206415,Sirifort,2017-05-30,48.47169811320754
977,0.3510000166716054,0.5225000248174183,Mandir,2017-05-30,47.28571428571429
978,0.014000000664964318,0.17100000812206415,R K Puram,2017-05-30,61.948717948717956
979,0.3510000166716054,0.5225000248174183,US Diplomatic Post: New Delhi,2017-05-30,42.583333333333336
980,0.014000000664964318,0.17100000812206415,NSIT Dwarka,2017-05-30,73.95208333333336
981,0.0,0.1870000088820234,Punjabi Bagh,2017-05-30,48.225806451612904
982,0.0,0.1870000088820234,Shadipur,2017-05-30,79.25187499999998
983,0.3510000166716054,0.5225000248174183,ITO,2017-05-30,152.84848484848484
984,0.4370000207563863,1.0345000491361134,US Diplomatic Post: New Delhi,2017-06-01,81.95833333333333
985,0.4370000207563863,1.0345000491361134,NSIT Dwarka,2017-06-01,114.45102040816326
986,0.4370000207563863,1.0345000491361134,Mandir,2017-06-01,95.62222222222222
987,0.3020000143442303,1.0065000478061847,Punjabi Bagh,2017-06-01,111.06382978723404
988,0.12900000612717122,1.2360000587068498,Sirifort,2017-06-01,98.7301587301587
989,0.4370000207563863,1.0345000491361134,ITO,2017-06-01,140.6491228070175
990,0.3020000143442303,1.0065000478061847,Shadipur,2017-06-01,178.26617021276599
991,0.38800001842901116,0.9500000451225787,R K Puram,2017-06-01,123.78787878787878
992,0.045000002137385316,0.605000028735958,R K Puram,2017-06-02,131.31111111111107
993,0.009000000427477062,0.6430000305408612,Punjabi Bagh,2017-06-02,118.84782608695652
994,0.045000002137385316,0.605000028735958,NSIT Dwarka,2017-06-02,148.56382978723408
995,0.017000000807456672,0.9610000456450508,Sirifort,2017-06-02,93.82
996,0.06400000303983687,0.8290000393753871,Mandir,2017-06-02,96.08888888888887
997,0.06400000303983687,0.8290000393753871,US Diplomatic Post: New Delhi,2017-06-02,94.04166666666669
998,0.032000001519918435,0.5720000271685421,Shadipur,2017-06-02,61.317659574468095
999,0.06400000303983687,0.8290000393753871,ITO,2017-06-02,105.2162162162162
1000,0.28200001339428127,0.45100002142135054,US Diplomatic Post: New Delhi,2017-06-03,71.66666666666667
1001,0.28200001339428127,0.45100002142135054,Mandir,2017-06-03,74.58333333333333
1002,0.28200001339428127,0.45100002142135054,R K Puram,2017-06-03,141.38297872340425
1003,0.04700000223238021,0.6030000286409631,Punjabi Bagh,2017-06-03,82.83333333333333
1004,0.28200001339428127,0.45100002142135054,ITO,2017-06-03,165.17073170731706
1005,0.26800001272931695,0.4425000210176222,Sirifort,2017-06-03,84.33333333333333
1006,0.012000000569969416,0.8410000399453565,NSIT Dwarka,2017-06-03,151.38541666666669
1007,0.2630000124918297,0.40050001902272925,Shadipur,2017-06-03,60.84695652173915
1008,0.13550000643590465,0.5215000247699209,ITO,2017-06-04,119.06666666666666
1009,0.1345000063884072,0.5170000245561823,R K Puram,2017-06-04,134.83870967741936
1010,0.13550000643590465,0.5215000247699209,Mandir,2017-06-04,102.06666666666666
1011,0.1345000063884072,0.5170000245561823,Sirifort,2017-06-04,69.38983050847457
1012,0.2380000113043934,0.4700000223238021,NSIT Dwarka,2017-06-04,171.69791666666669
1013,0.13550000643590465,0.5215000247699209,Shadipur,2017-06-04,58.36928571428571
1014,0.13550000643590465,0.5215000247699209,US Diplomatic Post: New Delhi,2017-06-04,64.0
1015,0.2380000113043934,0.42566668688474846,Punjabi Bagh,2017-06-04,75.45833333333333
1016,0.1150000054622069,0.9400000446476042,US Diplomatic Post: New Delhi,2017-06-05,39.79166666666666
1017,0.1150000054622069,0.9400000446476042,R K Puram,2017-06-05,92.53333333333332
1018,0.15500000736210495,1.117000053054653,Punjabi Bagh,2017-06-05,35.57142857142857
1019,0.1150000054622069,0.9400000446476042,Shadipur,2017-06-05,71.46965517241382
1020,0.1150000054622069,0.9400000446476042,ITO,2017-06-05,77.8913043478261
1021,0.1150000054622069,0.9400000446476042,Mandir,2017-06-05,46.85714285714285
1022,0.15500000736210495,0.7420000352431089,NSIT Dwarka,2017-06-05,136.91276595744685
1023,0.2720000129193068,0.9640000457875432,Sirifort,2017-06-05,48.68421052631579
1024,0.0,1.1560000549070537,Punjabi Bagh,2017-06-06,48.0625
1025,0.0,0.9450000448850916,US Diplomatic Post: New Delhi,2017-06-06,43.875
1027,0.0,0.9450000448850916,NSIT Dwarka,2017-06-06,115.36595744680858
1028,0.0,1.1560000549070537,Shadipur,2017-06-06,64.1692682926829
1029,0.0,0.9450000448850916,R K Puram,2017-06-06,94.55555555555556
1030,0.0,0.9450000448850916,Mandir,2017-06-06,73.8
1031,0.0,0.8970000426052138,Sirifort,2017-06-06,51.89655172413793
1032,0.28200001339428127,0.661500031419564,Shadipur,2017-06-07,77.40895833333332
1033,0.4230000200914219,0.7495000355993398,Mandir,2017-06-07,39.77142857142857
1034,0.5730000272160396,0.7630000362405553,NSIT Dwarka,2017-06-07,71.28125000000001
1035,0.49200002336874604,0.7835000372142531,Sirifort,2017-06-07,33.98275862068966
1036,0.28200001339428127,0.661500031419564,Punjabi Bagh,2017-06-07,48.5
1037,0.4795000227750279,0.8115000385441817,US Diplomatic Post: New Delhi,2017-06-07,29.33333333333333
1039,0.3510000166716054,0.6955000330344774,R K Puram,2017-06-07,52.828571428571436
1040,0.1870000088820234,1.0530000500148162,Shadipur,2017-06-09,80.61568181818183
1041,0.4220000200439245,1.2900000612717122,Mandir,2017-06-09,70.8157894736842
1042,0.4220000200439245,1.2900000612717122,US Diplomatic Post: New Delhi,2017-06-09,61.91666666666666
1043,0.10700000508222728,0.9620000456925482,Punjabi Bagh,2017-06-09,80.28571428571429
1044,0.257000012206845,0.8660000411327928,NSIT Dwarka,2017-06-09,82.14791666666667
1045,0.3270000155316666,0.6180000293534249,R K Puram,2017-06-09,124.02941176470587
1047,0.5950000282609835,0.9270000440301374,Punjabi Bagh,2017-06-10,72.53333333333333
1048,0.6520000309683383,1.4500000688713044,Sirifort,2017-06-10,52.47368421052632
1049,0.6520000309683383,1.4500000688713044,NSIT Dwarka,2017-06-10,88.98775510204081
1050,0.3570000169565901,0.9300000441726296,US Diplomatic Post: New Delhi,2017-06-10,52.79166666666666
1051,0.6520000309683383,1.4500000688713044,R K Puram,2017-06-10,79.46341463414635
1052,0.5950000282609835,0.9270000440301374,Shadipur,2017-06-10,72.29702127659573
1053,0.5950000282609835,0.9270000440301374,Mandir,2017-06-10,64.38636363636364
1055,0.3170000150566921,0.7560000359080732,Shadipur,2017-06-11,70.23770833333334
1056,0.3170000150566921,0.7560000359080732,Mandir,2017-06-11,54.904761904761905
1057,0.3170000150566921,0.7560000359080732,Punjabi Bagh,2017-06-11,55.488372093023266
1058,0.370000017574057,0.7140000339131802,Sirifort,2017-06-11,49.98484848484848
1060,0.709000033675693,0.8500000403728336,NSIT Dwarka,2017-06-11,63.6936170212766
1061,0.370000017574057,0.7140000339131802,US Diplomatic Post: New Delhi,2017-06-11,41.25
1062,0.370000017574057,0.7140000339131802,R K Puram,2017-06-11,60.29545454545455
1063,0.09400000446476042,0.5620000266935676,R K Puram,2017-06-12,72.25
1064,0.09400000446476042,0.5620000266935676,Mandir,2017-06-12,53.08823529411765
1065,0.012000000569969416,0.7440000353381038,NSIT Dwarka,2017-06-12,130.52325581395348
1066,0.09400000446476042,0.5620000266935676,Shadipur,2017-06-12,66.49476190476193
1067,0.09400000446476042,0.5620000266935676,Sirifort,2017-06-12,56.02985074626866
1068,0.09400000446476042,0.5620000266935676,Punjabi Bagh,2017-06-12,47.555555555555564
1069,0.09400000446476042,0.5620000266935676,US Diplomatic Post: New Delhi,2017-06-12,43.54166666666666
1070,0.09400000446476042,0.5620000266935676,ITO,2017-06-12,49.5
1071,0.001000000047497451,0.7270000345306471,Punjabi Bagh,2017-06-13,38.620689655172406
1072,0.009500000451225787,0.7500000356230885,US Diplomatic Post: New Delhi,2017-06-13,39.083333333333336
1073,0.009500000451225787,0.7500000356230885,R K Puram,2017-06-13,74.48275862068967
1074,0.018500000878702853,0.8140000386629254,NSIT Dwarka,2017-06-13,134.0083333333333
1075,0.001000000047497451,0.7270000345306471,Shadipur,2017-06-13,59.58195652173915
1076,0.009500000451225787,0.7500000356230885,Sirifort,2017-06-13,45.37313432835821
1077,0.009500000451225787,0.7500000356230885,ITO,2017-06-13,101.55813953488372
1078,0.009500000451225787,0.7500000356230885,Mandir,2017-06-13,85.85714285714286
1079,0.33200001576915383,1.0030000476399437,Mandir,2017-06-14,124.3720930232558
1080,0.6620000314433128,1.4170000673038885,R K Puram,2017-06-14,99.85106382978724
1081,0.2240000106394291,1.2840000609867277,ITO,2017-06-14,101.80769230769229
1082,0.14200000674463809,1.414000067161396,Punjabi Bagh,2017-06-14,59.22916666666666
1083,0.6620000314433128,1.4170000673038885,Sirifort,2017-06-14,68.06666666666666
1084,0.33200001576915383,1.0030000476399437,Shadipur,2017-06-14,59.92391304347825
1085,0.2240000106394291,1.2840000609867277,US Diplomatic Post: New Delhi,2017-06-14,50.41666666666666
1086,0.007333333681647978,0.7856667039838309,R K Puram,2017-06-15,118.45
1087,0.011000000522471966,0.6815000323695131,Mandir,2017-06-15,164.95121951219508
1088,0.007333333681647978,0.7130000338656828,Sirifort,2017-06-15,77.76
1089,0.015500000736210497,0.6730000319657847,Shadipur,2017-06-15,70.01787234042553
1090,0.007333333681647978,0.7856667039838309,NSIT Dwarka,2017-06-15,151.55135135135143
1091,0.05200000246986747,0.6845000325120054,ITO,2017-06-15,72.54
1092,0.14700000698212537,0.5920000281184912,US Diplomatic Post: New Delhi,2017-06-15,65.20833333333333
1093,0.015500000736210497,0.6730000319657847,Punjabi Bagh,2017-06-15,66.8888888888889
1094,0.045000002137385316,0.6100000289734453,Punjabi Bagh,2017-06-16,46.68181818181818
1095,0.39050001854775473,0.7905000375467353,ITO,2017-06-16,52.60256410256411
1096,0.39050001854775473,0.7905000375467353,Mandir,2017-06-16,54.512195121951216
1097,0.10200000484474003,0.6370000302558765,Shadipur,2017-06-16,146.36413043478257
1098,0.5145000244374387,0.8245000391616486,Sirifort,2017-06-16,41.19148936170213
1099,0.002000000094994902,0.9010000427952036,NSIT Dwarka,2017-06-16,65.50135135135136
1100,0.16500000783707947,0.6280000298283994,R K Puram,2017-06-16,49.38095238095239
1101,0.39050001854775473,0.7905000375467353,US Diplomatic Post: New Delhi,2017-06-16,33.166666666666664
1102,0.3785000179777853,0.6815000323695131,Punjabi Bagh,2017-06-17,48.48936170212766
1103,0.3785000179777853,0.6815000323695131,Shadipur,2017-06-17,52.415333333333336
1104,0.3785000179777853,0.6815000323695131,US Diplomatic Post: New Delhi,2017-06-17,118.95833333333331
1105,0.3785000179777853,0.6815000323695131,ITO,2017-06-17,67.98795180722891
1106,0.36950001755030826,0.6820000323932618,NSIT Dwarka,2017-06-17,49.95833333333335
1107,0.36950001755030826,0.6820000323932618,Sirifort,2017-06-17,49.638297872340424
1108,0.36950001755030826,0.6820000323932618,R K Puram,2017-06-17,61.904761904761905
1109,0.3785000179777853,0.6815000323695131,Mandir,2017-06-17,62.93181818181818
1110,0.007000000332482159,1.4570000692037866,Mandir,2017-06-18,149.60526315789474
1111,0.007000000332482159,1.569000074523501,ITO,2017-06-18,129.6413043478261
1112,0.0,1.4660000696312636,Shadipur,2017-06-18,53.24063829787235
1113,0.007000000332482159,1.569000074523501,Sirifort,2017-06-18,77.77083333333333
1114,0.007000000332482159,1.4570000692037866,US Diplomatic Post: New Delhi,2017-06-18,67.41666666666667
1115,0.0,1.4660000696312636,Punjabi Bagh,2017-06-18,64.5813953488372
1116,0.029000001377426088,1.553000073763542,NSIT Dwarka,2017-06-18,66.77017543859651
1117,0.029000001377426088,1.553000073763542,R K Puram,2017-06-18,112.94871794871794
1118,0.017000000807456672,1.438000068301335,Punjabi Bagh,2017-06-19,30.724137931034484
1119,0.014000000664964318,1.2960000615566971,NSIT Dwarka,2017-06-19,36.623529411764714
1120,0.05000000237487257,1.2420000589918343,R K Puram,2017-06-19,56.185185185185176
1121,0.05000000237487257,1.2420000589918343,US Diplomatic Post: New Delhi,2017-06-19,29.66666666666667
1122,0.029000001377426088,1.0810000513447449,Sirifort,2017-06-19,36.23404255319149
1123,0.05000000237487257,1.2420000589918343,Mandir,2017-06-19,39.884615384615394
1124,0.017000000807456672,1.438000068301335,Shadipur,2017-06-19,47.95978723404256
1125,0.05000000237487257,1.2420000589918343,ITO,2017-06-19,118.72058823529413
1126,0.6720000319182873,2.9210001387400557,R K Puram,2017-06-21,65.73684210526315
1127,0.4570000217063353,0.4880000231787562,Shadipur,2017-06-24,73.9039583333333
1128,0.5550000263610855,0.5010000237962231,Sirifort,2017-06-24,70.68888888888887
1129,0.4570000217063353,0.4880000231787562,Punjabi Bagh,2017-06-24,72.22448979591837
1130,0.4570000217063353,0.4880000231787562,US Diplomatic Post: New Delhi,2017-06-24,59.79166666666666
1131,0.4570000217063353,0.4880000231787562,Mandir,2017-06-24,62.47619047619048
1133,0.5550000263610855,0.5010000237962231,NSIT Dwarka,2017-06-24,170.324705882353
1134,0.5550000263610855,0.5010000237962231,R K Puram,2017-06-24,89.02272727272727
1135,0.6750000320607796,1.2350000586593524,US Diplomatic Post: New Delhi,2017-06-25,56.75
1136,0.6750000320607796,1.2350000586593524,Mandir,2017-06-25,63.20454545454545
1137,0.6720000319182873,0.9400000446476042,R K Puram,2017-06-25,78.07142857142857
1139,0.6970000331057236,1.2670000601792708,Punjabi Bagh,2017-06-26,55.85
1140,0.6970000331057236,1.2670000601792708,Shadipur,2017-06-26,51.91854166666667
1141,0.0,1.1330000538146123,Shadipur,2017-06-27,62.21708333333334
1142,0.0,1.1330000538146123,Sirifort,2017-06-27,31.936170212765962
1143,0.0,1.1330000538146123,ITO,2017-06-27,115.94736842105264
1144,0.0,1.1330000538146123,Mandir,2017-06-27,34.02857142857143
1145,0.0,1.1330000538146123,US Diplomatic Post: New Delhi,2017-06-27,29.08333333333333
1146,0.0,1.1330000538146123,R K Puram,2017-06-27,60.230769230769226
1147,0.0,1.1330000538146123,Punjabi Bagh,2017-06-27,37.78723404255321
1148,0.0,1.1330000538146123,NSIT Dwarka,2017-06-27,42.00845070422533
1149,0.2500000118743628,1.8570000882027669,NSIT Dwarka,2017-07-07,63.327173913043474
1150,0.6390000303508714,1.5080000716261566,Mandir,2017-07-09,58.153846153846146
1151,0.6990000332007185,1.7580000835005194,R K Puram,2017-07-09,75.81818181818181
1152,0.6390000303508714,1.5080000716261566,Shadipur,2017-07-09,61.51458333333334
1153,0.6390000303508714,1.5080000716261566,US Diplomatic Post: New Delhi,2017-07-09,53.41666666666666
1154,0.6990000332007185,1.7580000835005194,Sirifort,2017-07-09,51.93617021276596
1155,0.39700001885648817,1.5660000743810087,NSIT Dwarka,2017-07-09,88.41111111111108
1156,0.39700001885648817,1.5660000743810087,Punjabi Bagh,2017-07-09,55.11764705882353
1157,0.8140000386629254,1.6080000763759017,NSIT Dwarka,2017-07-16,56.0853333333333
1158,0.7360000349581242,0.5985000284272246,Shadipur,2017-07-18,45.10217391304346
1159,0.7360000349581242,0.5985000284272246,Punjabi Bagh,2017-07-18,51.875
1160,0.517500024579931,0.641500030469615,ITO,2017-07-18,72.1264367816092
1161,0.7220000342931598,0.8560000406578183,NSIT Dwarka,2017-07-18,48.0389610389611
1163,0.4350000206613913,0.4590000218013302,Sirifort,2017-07-18,37.18181818181818
1164,0.4350000206613913,0.4590000218013302,R K Puram,2017-07-18,51.16666666666666
1165,0.5560000264085829,0.5010000237962231,Mandir,2017-07-18,44.61904761904761
1166,0.7350000349106267,0.15700000745709985,Sirifort,2017-07-19,59.78260869565217
1167,0.7350000349106267,0.15700000745709985,Punjabi Bagh,2017-07-19,47.0625
1168,0.7350000349106267,0.15700000745709985,Mandir,2017-07-19,55.483870967741936
1169,0.7350000349106267,0.15700000745709985,R K Puram,2017-07-19,78.0
1170,0.7350000349106267,0.15700000745709985,US Diplomatic Post: New Delhi,2017-07-19,54.33333333333334
1171,0.7350000349106267,0.15700000745709985,NSIT Dwarka,2017-07-19,45.44285714285714
1172,0.7350000349106267,0.15700000745709985,ITO,2017-07-19,83.46153846153847
1173,0.7350000349106267,0.15700000745709985,Shadipur,2017-07-19,63.377027027027026
1175,0.740000035148114,0.3940000187139958,R K Puram,2017-07-21,33.769230769230774
1176,0.7320000347681344,1.0840000514872372,Punjabi Bagh,2017-07-22,35.75
1177,0.7320000347681344,1.0840000514872372,Mandir,2017-07-22,46.22916666666666
1179,0.7320000347681344,1.0840000514872372,Shadipur,2017-07-22,35.80770833333333
1181,0.3520000167191029,0.10300000489223747,Shadipur,2017-08-01,47.87574468085107
1182,0.3520000167191029,0.10300000489223747,NSIT Dwarka,2017-08-01,39.996875
1185,0.3520000167191029,0.10300000489223747,ITO,2017-08-01,43.23333333333333
1186,0.3520000167191029,0.10300000489223747,R K Puram,2017-08-01,34.5
1188,0.6440000305883586,2.1240001008845866,NSIT Dwarka,2017-08-05,89.695652173913
1189,0.7740000367630273,1.503000071388669,Sirifort,2017-08-05,57.33333333333334
1193,0.7790000370005146,1.675000079558231,Shadipur,2017-08-05,100.94520833333333
1194,0.1150000054622069,0.6630000314908102,Shadipur,2017-08-07,68.78391304347828
1195,0.5290000251261517,0.5650000268360601,Sirifort,2017-08-07,45.20454545454545
1196,0.2320000110194087,0.6180000293534249,Mandir,2017-08-07,40.36363636363637
1197,0.2320000110194087,0.6180000293534249,NSIT Dwarka,2017-08-07,53.09148936170214
1198,0.2320000110194087,0.6180000293534249,US Diplomatic Post: New Delhi,2017-08-07,43.25
1199,0.2320000110194087,0.6180000293534249,R K Puram,2017-08-07,60.63636363636363
1200,0.1150000054622069,0.6630000314908102,Punjabi Bagh,2017-08-07,47.5
1201,0.2320000110194087,0.6180000293534249,ITO,2017-08-07,69.69230769230771
1202,0.25400001206435263,0.6090000289259478,Sirifort,2017-08-15,30.89583333333333
1203,0.25400001206435263,0.6090000289259478,US Diplomatic Post: New Delhi,2017-08-15,30.125
1204,0.25400001206435263,0.6090000289259478,R K Puram,2017-08-15,54.16666666666666
1205,0.16700000793207434,0.6290000298758969,Punjabi Bagh,2017-08-15,34.57142857142857
1206,0.25400001206435263,0.6090000289259478,Mandir,2017-08-15,45.0
1207,0.25400001206435263,0.6090000289259478,Shadipur,2017-08-15,56.53833333333333
1208,0.25400001206435263,0.6090000289259478,ITO,2017-08-15,60.03125
1209,0.16700000793207434,0.6290000298758969,NSIT Dwarka,2017-08-15,70.62580645161287
1210,0.14200000674463809,0.6480000307783484,Mandir,2017-08-16,38.5
1211,0.14200000674463809,0.6480000307783484,NSIT Dwarka,2017-08-16,82.36551724137931
1212,0.08500000403728336,0.6230000295909122,US Diplomatic Post: New Delhi,2017-08-16,34.916666666666664
1213,0.14200000674463809,0.6480000307783484,R K Puram,2017-08-16,59.83333333333334
1214,0.14200000674463809,0.6480000307783484,ITO,2017-08-16,65.93478260869566
1215,0.14200000674463809,0.6480000307783484,Sirifort,2017-08-16,40.41666666666666
1216,0.08500000403728336,0.6230000295909122,Shadipur,2017-08-16,68.00416666666666
1217,0.08500000403728336,0.6230000295909122,Punjabi Bagh,2017-08-16,36.714285714285715
1218,0.2300000109244138,1.3690000650240108,R K Puram,2017-08-17,65.67857142857143
1219,0.5040000239387155,1.9530000927625224,Shadipur,2017-08-17,76.3297916666667
1220,0.6940000329632312,1.7390000825980678,ITO,2017-08-17,68.89247311827957
1221,0.2300000109244138,1.3690000650240108,Mandir,2017-08-17,40.185185185185176
1222,0.2300000109244138,1.3690000650240108,US Diplomatic Post: New Delhi,2017-08-17,36.54166666666666
1224,0.5670000269310549,0.9740000462625176,Sirifort,2017-08-17,40.4375
1225,0.3870000183815137,1.8830000894377008,Punjabi Bagh,2017-08-17,41.44827586206897
1226,0.1520000072196126,0.44300002104137093,Shadipur,2017-08-18,70.98479166666667
1227,0.36750001745531335,0.4115000195452012,R K Puram,2017-08-18,74.25
1228,0.1520000072196126,0.44300002104137093,US Diplomatic Post: New Delhi,2017-08-18,36.958333333333336
1229,0.12550000596093014,0.4500000213738531,Punjabi Bagh,2017-08-18,56.611111111111114
1230,0.2885000137030147,0.6245000296621585,ITO,2017-08-18,77.32608695652173
1231,0.1520000072196126,0.44300002104137093,Mandir,2017-08-18,49.19047619047619
1232,0.3585000170278363,0.4030000191414729,NSIT Dwarka,2017-08-18,48.02
1233,0.36750001745531335,0.4115000195452012,Sirifort,2017-08-18,43.41666666666666
1234,0.28400001348927617,0.2680000127293169,NSIT Dwarka,2017-08-22,59.46296296296296
1235,0.28400001348927617,0.2680000127293169,Shadipur,2017-08-22,36.14520833333333
1236,0.28400001348927617,0.2680000127293169,Punjabi Bagh,2017-08-22,50.375
1237,0.7740000367630273,0.5070000240812078,R K Puram,2017-08-23,45.26315789473684
1238,0.7740000367630273,0.5070000240812078,Sirifort,2017-08-23,33.2
1239,0.7020000333432108,0.2200000104494393,Mandir,2017-08-27,39.126436781609186
1240,0.7470000354805961,0.20600000978447494,NSIT Dwarka,2017-08-27,54.89270833333335
1242,0.7470000354805961,0.20600000978447494,R K Puram,2017-08-27,50.080459770114935
1243,0.7020000333432108,0.2200000104494393,Punjabi Bagh,2017-08-27,48.747126436781606
1244,0.7470000354805961,0.20600000978447494,ITO,2017-08-27,66.6195652173913
1245,0.7020000333432108,0.2200000104494393,Shadipur,2017-08-27,60.745625
1246,0.7470000354805961,0.20600000978447494,Sirifort,2017-08-27,35.166666666666664
1248,0.5640000267885625,0.3610000171465799,Mandir,2017-08-31,28.63414634146341
1249,0.6320000300183892,0.4280000203289092,NSIT Dwarka,2017-08-31,53.25402298850578
1250,0.6320000300183892,0.4280000203289092,Punjabi Bagh,2017-08-31,33.127272727272725
1252,0.5640000267885625,0.3610000171465799,Shadipur,2017-08-31,48.93229166666666
1253,0.5640000267885625,0.3610000171465799,R K Puram,2017-08-31,34.56
1254,0.5640000267885625,0.3610000171465799,ITO,2017-08-31,67.93548387096774
1255,0.4810000228462741,0.5400000256486237,NSIT Dwarka,2017-09-05,55.615116279069774
1257,0.49200002336874604,0.5830000276910141,ITO,2017-09-05,57.51063829787234
1258,0.4810000228462741,0.5400000256486237,Sirifort,2017-09-05,28.5
1259,0.49200002336874604,0.5830000276910141,Punjabi Bagh,2017-09-05,37.25609756097561
1260,0.49200002336874604,0.5830000276910141,Shadipur,2017-09-05,49.645624999999974
1261,0.49200002336874604,0.5830000276910141,Mandir,2017-09-05,23.675
1262,0.4810000228462741,0.5400000256486237,R K Puram,2017-09-05,35.19101123595506
1263,0.7950000377604738,0.7780000369530171,NSIT Dwarka,2017-09-06,65.73258426966295
1264,0.8050000382354483,0.3790000180015341,Sirifort,2017-09-08,79.0
1265,0.8050000382354483,0.3790000180015341,Punjabi Bagh,2017-09-08,60.14285714285714
1266,0.8050000382354483,0.3790000180015341,R K Puram,2017-09-08,67.53488372093024
1267,0.8050000382354483,0.3790000180015341,Shadipur,2017-09-08,70.77374999999998
1268,0.8050000382354483,0.3790000180015341,Mandir,2017-09-08,49.86666666666667
1269,0.8050000382354483,0.3790000180015341,US Diplomatic Post: New Delhi,2017-09-08,49.125
1270,0.8050000382354483,0.3790000180015341,ITO,2017-09-08,100.21348314606743
1271,0.5970000283559784,0.6670000316808,NSIT Dwarka,2017-09-08,66.8895348837209
1272,0.7520000357180834,0.06000000284984708,NSIT Dwarka,2017-09-09,79.3786516853933
1273,0.7520000357180834,0.06000000284984708,US Diplomatic Post: New Delhi,2017-09-09,53.54166666666666
1274,0.6955000330344774,0.3720000176690519,Shadipur,2017-09-09,79.30229166666666
1275,0.7520000357180834,0.06000000284984708,ITO,2017-09-09,83.24444444444444
1276,0.7520000357180834,0.06000000284984708,Mandir,2017-09-09,49.047619047619044
1277,0.7170000340556726,0.709000033675693,NSIT Dwarka,2017-09-10,73.73000000000003
1278,0.7170000340556726,0.709000033675693,Sirifort,2017-09-10,66.4
1279,0.7170000340556726,0.709000033675693,R K Puram,2017-09-10,68.15384615384616
1280,0.4090000194264576,1.1390000540995968,Shadipur,2017-09-11,80.92673469387755
1281,0.4390000208513811,0.904000042937696,Mandir,2017-09-11,42.75609756097561
1282,0.30500001448672265,0.9740000462625176,Sirifort,2017-09-11,49.33333333333334
1283,0.5520000262185931,1.1880000564269722,Punjabi Bagh,2017-09-11,49.97619047619048
1284,0.4390000208513811,0.904000042937696,US Diplomatic Post: New Delhi,2017-09-11,50.0
1285,0.4390000208513811,0.904000042937696,R K Puram,2017-09-11,66.66666666666667
1286,0.7900000375229865,1.1500000546220692,ITO,2017-09-11,87.5632183908046
1287,0.6000000284984708,0.709000033675693,NSIT Dwarka,2017-09-11,77.61573033707863
1288,0.2685000127530657,0.2655000126105733,NSIT Dwarka,2017-09-12,77.13023255813954
1290,0.2685000127530657,0.2850000135367736,US Diplomatic Post: New Delhi,2017-09-12,121.70833333333331
1291,0.2685000127530657,0.2850000135367736,Shadipur,2017-09-12,75.10749999999999
1292,0.2685000127530657,0.2850000135367736,Mandir,2017-09-12,45.19512195121951
1293,0.2685000127530657,0.2850000135367736,Punjabi Bagh,2017-09-12,49.20253164556962
1294,0.2685000127530657,0.2850000135367736,ITO,2017-09-12,74.68539325842697
1295,0.2685000127530657,0.2655000126105733,IGI Airport,2017-09-12,77.13
1296,0.2685000127530657,0.2655000126105733,R K Puram,2017-09-12,64.46341463414635
1297,0.7320000347681344,1.0050000477349386,R K Puram,2017-09-13,87.4
1298,0.7320000347681344,1.0050000477349386,Sirifort,2017-09-13,91.0
1299,0.3820000181440264,1.163000055239536,NSIT Dwarka,2017-09-13,75.73888888888888
1301,0.113000005367212,0.8520000404678285,R K Puram,2017-09-15,88.42857142857143
1302,0.11800000560469925,0.8045000382116996,NSIT Dwarka,2017-09-15,64.65
1303,0.0955000045360066,0.791000037570484,Mandir,2017-09-15,56.43333333333333
1304,0.07700000365730375,0.8450000401353464,CRRI Mathura,2017-09-15,54.06193548387096
1305,0.0955000045360066,0.791000037570484,Shadipur,2017-09-15,78.29044444444443
1306,0.08550000406103209,0.8130000386154279,Sirifort,2017-09-15,59.48936170212766
1307,0.0955000045360066,0.791000037570484,Pusa,2017-09-15,34.07064516129032
1309,0.11800000560469925,0.8045000382116996,Punjabi Bagh,2017-09-15,53.5
1310,0.113000005367212,0.8520000404678285,Lodhi Road,2017-09-15,45.16196721311475
1311,0.113000005367212,0.8520000404678285,ITO,2017-09-15,85.18181818181819
1313,0.313500014890451,0.3995000189752318,Lodhi Road,2017-09-17,51.31666666666666
1315,0.14000000664964318,0.30900001467671245,Mandir,2017-09-17,41.0
1316,0.14000000664964318,0.30900001467671245,Shadipur,2017-09-17,58.58270833333333
1317,0.27550001308554783,0.4030000191414729,CRRI Mathura,2017-09-17,83.6375
1318,0.14000000664964318,0.30900001467671245,ITO,2017-09-17,68.52631578947367
1319,0.3425000162678771,0.4955000235349871,Punjabi Bagh,2017-09-17,57.0
1320,0.27550001308554783,0.4030000191414729,Sirifort,2017-09-17,53.27906976744186
1321,0.14000000664964318,0.30900001467671245,Pusa,2017-09-17,39.24000000000001
1322,0.1150000054622069,0.4215000200201757,NSIT Dwarka,2017-09-17,53.616455696202536
1323,0.27550001308554783,0.4030000191414729,R K Puram,2017-09-17,88.75
1325,0.3720000176690519,0.7140000339131802,Pusa,2017-09-18,38.91952380952381
1326,0.5890000279759988,0.3300000156741589,NSIT Dwarka,2017-09-18,68.74166666666665
1327,0.20000000949949026,0.6080000288784504,CRRI Mathura,2017-09-18,85.74964285714285
1328,0.3720000176690519,0.7140000339131802,Shadipur,2017-09-18,57.058684210526295
1329,0.43200002051889896,0.2820000133942813,Sirifort,2017-09-18,59.358974358974365
1330,0.3720000176690519,0.7140000339131802,Punjabi Bagh,2017-09-18,53.444444444444436
1331,0.20000000949949026,0.6080000288784504,ITO,2017-09-18,95.15384615384615
1332,0.1970000093569979,0.4090000194264576,R K Puram,2017-09-18,81.94444444444444
1333,0.5890000279759988,0.3300000156741589,IGI Airport,2017-09-18,70.66448275862071
1334,0.1970000093569979,0.4090000194264576,Lodhi Road,2017-09-18,45.088823529411755
1336,0.1970000093569979,0.4090000194264576,Mandir,2017-09-18,47.411764705882355
1337,0.001000000047497451,0.15450000733835623,ITO,2017-09-19,122.01515151515152
1338,0.001000000047497451,0.15450000733835623,Pusa,2017-09-19,35.258
1339,0.0035000001662410796,0.15550000738585368,NSIT Dwarka,2017-09-19,74.38867924528303
1340,0.0035000001662410796,0.15550000738585368,CRRI Mathura,2017-09-19,124.895
1341,0.001000000047497451,0.15450000733835623,Shadipur,2017-09-19,65.15487179487182
1342,0.2646666792376588,0.33433334921331453,Sirifort,2017-09-19,86.25641025641028
1343,0.0035000001662410796,0.15550000738585368,Lodhi Road,2017-09-19,83.735
1344,0.0035000001662410796,0.15550000738585368,R K Puram,2017-09-19,124.0909090909091
1345,0.001000000047497451,0.15450000733835623,Punjabi Bagh,2017-09-19,84.46808510638297
1347,0.0035000001662410796,0.15550000738585368,IGI Airport,2017-09-19,25.7555
1348,0.001000000047497451,0.15450000733835623,Mandir,2017-09-19,79.69642857142857
1349,0.15850000752834603,0.7650000363355502,Pusa,2017-09-20,65.28962962962963
1350,0.09800000465475023,0.5980000284034759,IGI Airport,2017-09-20,76.87923076923077
1351,0.19700000935699788,0.9545000453363173,Mandir,2017-09-20,97.58620689655173
1352,0.16050000762334096,0.9460000449325889,CRRI Mathura,2017-09-20,68.52999999999999
1353,0.19350000919075683,0.6635000315145589,Sirifort,2017-09-20,104.60714285714286
1354,0.11200000531971455,0.9220000437926501,Lodhi Road,2017-09-20,74.18999999999998
1355,0.19700000935699788,0.9545000453363173,ITO,2017-09-20,111.76
1357,0.19350000919075683,0.6635000315145589,R K Puram,2017-09-20,150.5625
1358,0.06700000318232922,0.6515000309445895,Punjabi Bagh,2017-09-20,108.5
1359,0.028000001329928637,0.6590000313008204,NSIT Dwarka,2017-09-20,75.11428571428571
1360,0.15850000752834603,0.7650000363355502,Shadipur,2017-09-20,104.3425
1361,0.709000033675693,0.34400001633912325,Shadipur,2017-09-23,43.17244444444444
1362,0.6000000284984708,0.3510000166716054,Lodhi Road,2017-09-23,25.860285714285716
1363,0.709000033675693,0.34400001633912325,IGI Airport,2017-09-23,57.2071875
1364,0.6000000284984708,0.3510000166716054,Mandir,2017-09-23,27.384615384615387
1365,0.6000000284984708,0.3510000166716054,ITO,2017-09-23,75.31325301204821
1367,0.709000033675693,0.34400001633912325,R K Puram,2017-09-23,38.122448979591844
1368,0.6000000284984708,0.3510000166716054,CRRI Mathura,2017-09-23,36.26432432432432
1370,0.709000033675693,0.34400001633912325,NSIT Dwarka,2017-09-23,69.57037037037034
1374,0.2675000127055682,0.29100001382175833,Lodhi Road,2017-09-24,38.07349397590362
1375,0.26233334579349804,0.35233335006826866,NSIT Dwarka,2017-09-24,73.01807228915669
1376,0.10750000510597603,0.3045000144629739,IGI Airport,2017-09-24,29.852195121951226
1377,0.2675000127055682,0.29100001382175833,Shadipur,2017-09-24,60.83166666666666
1378,0.2675000127055682,0.29100001382175833,ITO,2017-09-24,71.7
1379,0.2675000127055682,0.29900001420173794,CRRI Mathura,2017-09-24,60.208554216867455
1380,0.2675000127055682,0.29100001382175833,Mandir,2017-09-24,47.97590361445785
1381,0.10750000510597603,0.2965000140829943,Punjabi Bagh,2017-09-24,52.77922077922078
1382,0.2675000127055682,0.29100001382175833,US Diplomatic Post: New Delhi,2017-09-24,40.958333333333336
1383,0.2675000127055682,0.29900001420173794,Sirifort,2017-09-24,49.23913043478261
1384,0.2675000127055682,0.29900001420173794,R K Puram,2017-09-24,67.56976744186046
1385,0.22450001066317782,0.3290000156266615,Mandir,2017-09-25,59.72839506172839
1386,0.3805000180727802,0.2710000128718093,CRRI Mathura,2017-09-25,84.16012345679009
1387,0.23450001113815233,0.3825000181677751,Punjabi Bagh,2017-09-25,65.4927536231884
1388,0.20950000995071605,0.3805000180727802,Shadipur,2017-09-25,60.001086956521746
1389,0.24750001175561917,0.2920000138692558,Pusa,2017-09-25,42.238305084745775
1390,0.22450001066317782,0.3290000156266615,Lodhi Road,2017-09-25,52.357023809523824
1391,0.22450001066317782,0.3290000156266615,US Diplomatic Post: New Delhi,2017-09-25,52.79166666666666
1392,0.22450001066317782,0.3290000156266615,ITO,2017-09-25,90.52564102564102
1393,0.24750001175561917,0.2920000138692558,NSIT Dwarka,2017-09-25,76.72051282051285
1394,0.3805000180727802,0.2710000128718093,Sirifort,2017-09-25,61.43478260869565
1395,0.3395000161253847,0.2730000129668042,R K Puram,2017-09-25,94.8205128205128
1396,0.4900000232737512,0.4140000196639448,Aya Nagar,2017-09-25,66.53333333333333
1397,0.3395000161253847,0.2730000129668042,IGI Airport,2017-09-25,75.12481012658228
1398,0.10700000508222729,0.4370000207563862,Punjabi Bagh,2017-09-26,68.34426229508196
1399,0.2960000140592456,0.4150000197114423,Sirifort,2017-09-26,74.35555555555554
1400,0.2960000140592456,0.4150000197114423,R K Puram,2017-09-26,117.76271186440678
1401,0.31100001477170736,0.41450001968769357,Aya Nagar,2017-09-26,71.42906666666669
1402,0.10700000508222729,0.4370000207563862,Mandir,2017-09-26,79.8
1404,0.10700000508222729,0.4370000207563862,Pusa,2017-09-26,48.501807228915645
1405,0.21700001030694693,0.43150002049515024,IGI Airport,2017-09-26,80.3433333333333
1406,0.10700000508222729,0.4370000207563862,Shadipur,2017-09-26,82.35583333333331
1407,0.2960000140592456,0.4150000197114423,Lodhi Road,2017-09-26,59.86697368421054
1408,0.2960000140592456,0.4150000197114423,CRRI Mathura,2017-09-26,92.57561643835615
1409,0.21700001030694693,0.43150002049515024,ITO,2017-09-26,107.20967741935483
1410,0.21700001030694693,0.43150002049515024,NSIT Dwarka,2017-09-26,91.36202531645569
1412,0.1850000087870285,0.6770000321557745,NSIT Dwarka,2017-09-27,106.44126984126984
1413,0.045000002137385316,0.6290000298758969,Aya Nagar,2017-09-27,94.48469696969696
1414,0.31850001512793824,0.4380000208038837,Shadipur,2017-09-27,85.83270833333331
1415,0.10700000508222728,0.873000041465275,Punjabi Bagh,2017-09-27,64.91666666666667
1416,0.3310000157216564,0.539500025624875,Sirifort,2017-09-27,83.05
1417,0.169500008050818,0.6145000291871838,CRRI Mathura,2017-09-27,97.57317460317459
1418,0.31850001512793824,0.4380000208038837,Pusa,2017-09-27,62.198548387096814
1419,0.21200001006945968,0.6835000324645079,ITO,2017-09-27,123.4186046511628
1420,0.31850001512793824,0.4380000208038837,Mandir,2017-09-27,87.0357142857143
1421,0.3310000157216564,0.539500025624875,R K Puram,2017-09-27,115.36363636363636
1422,0.4600000218488276,0.4660000221338123,IGI Airport,2017-09-27,96.184126984127
1423,0.21200001006945968,0.6835000324645079,Lodhi Road,2017-09-27,71.15775510204081
1424,0.2693333461259802,0.9390000446001068,Punjabi Bagh,2017-09-28,78.67241379310343
1426,0.23733334460606179,0.9506667118209103,Lodhi Road,2017-09-28,69.0234
1427,0.27033334617347765,0.9326667109659562,Shadipur,2017-09-28,78.10595744680852
1428,0.23733334460606179,0.9506667118209106,IGI Airport,2017-09-28,35.448064516129044
1429,0.27033334617347765,0.9326667109659562,NSIT Dwarka,2017-09-28,129.4344262295082
1430,0.27033334617347765,0.9326667109659562,Pusa,2017-09-28,54.36729166666665
1431,0.21400001016445458,0.9380000445526093,R K Puram,2017-09-28,102.04545454545456
1432,0.27033334617347765,0.9326667109659562,Mandir,2017-09-28,75.58490566037736
1433,0.21400001016445458,0.9380000445526093,Sirifort,2017-09-28,122.0
1434,0.27033334617347765,0.9326667109659562,ITO,2017-09-28,144.64150943396226
1435,0.19400000921450555,0.8443333734370148,Aya Nagar,2017-09-28,111.0975510204082
1436,0.21400001016445458,0.9380000445526093,CRRI Mathura,2017-09-28,91.056875
1437,0.017000000807456672,0.8450000401353464,Mandir,2017-09-29,81.7361111111111
1438,0.017000000807456672,0.8450000401353464,Sirifort,2017-09-29,89.59375
1439,0.07000000332482159,0.5680000269785523,Aya Nagar,2017-09-29,103.74937499999996
1440,0.017000000807456672,0.8450000401353464,US Diplomatic Post: New Delhi,2017-09-29,162.95833333333334
1441,0.05200000246986747,0.5890000279759988,NSIT Dwarka,2017-09-29,114.42874999999997
1442,0.017000000807456672,0.9170000435551628,Shadipur,2017-09-29,72.53729166666669
1443,0.05900000280234963,0.822000039042905,CRRI Mathura,2017-09-29,123.84245614035083
1444,0.12200000579468905,0.6320000300183892,R K Puram,2017-09-29,126.9746835443038
1445,0.017000000807456672,0.8450000401353464,Lodhi Road,2017-09-29,73.97421875
1446,0.12200000579468905,0.6320000300183892,IGI Airport,2017-09-29,73.62449275362316
1447,0.017000000807456672,0.9170000435551628,Punjabi Bagh,2017-09-29,86.90625
1448,0.12200000579468905,0.6320000300183892,Pusa,2017-09-29,48.71650793650794
1449,0.017000000807456672,0.8450000401353464,ITO,2017-09-29,118.36363636363636
1450,0.2220000105444342,0.3630000172415748,NSIT Dwarka,2017-09-30,115.8456790123457
1451,0.04700000223238021,0.5190000246511772,Lodhi Road,2017-09-30,69.24222222222221
1452,0.2220000105444342,0.3630000172415748,Punjabi Bagh,2017-09-30,76.6125
1453,0.2220000105444342,0.3630000172415748,Pusa,2017-09-30,62.78109375
1454,0.2940000139642507,0.4000000189989805,Sirifort,2017-09-30,91.14583333333331
1455,0.2940000139642507,0.4000000189989805,IGI Airport,2017-09-30,42.93279411764706
1456,0.2220000105444342,0.3630000172415748,Mandir,2017-09-30,83.4794520547945
1457,0.2940000139642507,0.4000000189989805,R K Puram,2017-09-30,128.1375
1458,0.04700000223238021,0.5190000246511772,CRRI Mathura,2017-09-30,95.48130434782614
1459,0.2220000105444342,0.3630000172415748,Shadipur,2017-09-30,78.49333333333333
1460,0.22700001078192145,0.3640000172890723,Aya Nagar,2017-09-30,103.83096774193548
1461,0.09400000446476042,0.5170000245561823,ITO,2017-09-30,125.25
